"sppData$Date","Y.WFEC"
2011-01-01,1093.775
2011-01-02,1190.784
2011-01-03,1130.912
2011-01-04,1062.261
2011-01-05,1130.345
2011-01-06,1074.517
2011-01-07,1011.361
2011-01-08,1038.926
2011-01-09,1174.092
2011-01-10,1240.147
2011-01-11,1373.313
2011-01-12,1373.069
2011-01-13,1332.952
2011-01-14,1225.539
2011-01-15,1049.047
2011-01-16,1041.326
2011-01-17,1012.812
2011-01-18,1051.151
2011-01-19,1149.878
2011-01-20,1238.88
2011-01-21,1320.328
2011-01-22,1160.334
2011-01-23,1134.864
2011-01-24,1261.896
2011-01-25,1102.729
2011-01-26,1182.832
2011-01-27,1198.205
2011-01-28,1055.504
2011-01-29,920.394
2011-01-30,1048.013
2011-01-31,1161.442
2011-02-01,1496.881
2011-02-02,1462.499
2011-02-03,1424.231
2011-02-04,1252.62
2011-02-05,1240.339
2011-02-06,1073.801
2011-02-07,1169.724
2011-02-08,1267.16
2011-02-09,1449.984
2011-02-10,1504.313
2011-02-11,1354.719
2011-02-12,1153.192
2011-02-13,992.125
2011-02-14,992.291
2011-02-15,934.633
2011-02-16,894.384
2011-02-17,820.86
2011-02-18,783.91
2011-02-19,781.213
2011-02-20,818.059
2011-02-21,977.03
2011-02-22,1065.013
2011-02-23,862.703
2011-02-24,948.521
2011-02-25,1052.413
2011-02-26,1023.042
2011-02-27,827.818
2011-02-28,916.866
2011-03-01,1031.236
2011-03-02,908.332
2011-03-03,872.533
2011-03-04,828.631
2011-03-05,984.125
2011-03-06,1009.222
2011-03-07,930.177
2011-03-08,915.999
2011-03-09,960.666
2011-03-10,1012.248
2011-03-11,930.208
2011-03-12,780.61
2011-03-13,852.672
2011-03-14,944.38
2011-03-15,1020.753
2011-03-16,857.947
2011-03-17,850.405
2011-03-18,797.499
2011-03-19,785.561
2011-03-20,855.476
2011-03-21,863.897
2011-03-22,857.018
2011-03-23,810.28
2011-03-24,833.421
2011-03-25,786.027
2011-03-26,845.791
2011-03-27,961.926
2011-03-28,940.444
2011-03-29,952.941
2011-03-30,971.342
2011-03-31,975.959
2011-04-01,832.176
2011-04-02,827.734
2011-04-03,932.881
2011-04-04,858.249
2011-04-05,966.393
2011-04-06,870.954
2011-04-07,900.743
2011-04-08,933.981
2011-04-09,990.666
2011-04-10,933.108
2011-04-11,830.138
2011-04-12,864.151
2011-04-13,885.556
2011-04-14,862.897
2011-04-15,778.13
2011-04-16,783.951
2011-04-17,845.576
2011-04-18,991.268
2011-04-19,912.019
2011-04-20,824.857
2011-04-21,813.659
2011-04-22,963.018
2011-04-23,785.283
2011-04-24,775.313
2011-04-25,816.027
2011-04-26,803.759
2011-04-27,834.742
2011-04-28,824.6
2011-04-29,829.11
2011-04-30,789.766
2011-05-01,879.45
2011-05-02,867.689
2011-05-03,879.756
2011-05-04,831.626
2011-05-05,831.637
2011-05-06,865.495
2011-05-07,1026.027
2011-05-08,1092.097
2011-05-09,1145.907
2011-05-10,945.289
2011-05-11,807.035
2011-05-12,901.668
2011-05-13,766.831
2011-05-14,764.921
2011-05-15,799.734
2011-05-16,845.891
2011-05-17,849.319
2011-05-18,936.127
2011-05-19,912.099
2011-05-20,812.775
2011-05-21,946.095
2011-05-22,1079.997
2011-05-23,1013.254
2011-05-24,990.793
2011-05-25,878.571
2011-05-26,883.144
2011-05-27,1077.093
2011-05-28,1188.005
2011-05-29,1153.723
2011-05-30,1135.665
2011-05-31,1151.031
2011-06-01,1205.378
2011-06-02,1184.595
2011-06-03,1268.15
2011-06-04,1262.683
2011-06-05,1289.076
2011-06-06,1333.134
2011-06-07,1325.356
2011-06-08,1333.582
2011-06-09,1310.402
2011-06-10,1253.098
2011-06-11,1253.098
2011-06-12,1253.098
2011-06-13,1366.973
2011-06-14,1314.768
2011-06-15,1348.927
2011-06-16,1358.746
2011-06-17,1413.648
2011-06-18,1414.84
2011-06-19,1389.764
2011-06-20,1352.968
2011-06-21,1309.385
2011-06-22,1368.167
2011-06-23,1395.47
2011-06-24,1394.551
2011-06-25,1424.063
2011-06-26,1445.745
2011-06-27,1442.121
2011-06-28,1376.41
2011-06-29,1441.552
2011-06-30,1417.152
2011-07-01,1372.16
2011-07-02,1396.216
2011-07-03,1391.172
2011-07-04,1381.724
2011-07-05,1468.855
2011-07-06,1417.482
2011-07-07,1413.7
2011-07-08,1455.156
2011-07-09,1486.284
2011-07-10,1458.004
2011-07-11,1440.124
2011-07-12,1396.785
2011-07-13,1416.157
2011-07-14,1461.45
2011-07-15,1506.318
2011-07-16,1466.922
2011-07-17,1451.433
2011-07-18,1441.003
2011-07-19,1454.43
2011-07-20,1417.958
2011-07-21,1433.892
2011-07-22,1449.169
2011-07-23,1481.874
2011-07-24,1492.9
2011-07-25,1382
2011-07-26,1467.344
2011-07-27,1489.963
2011-07-28,1464.707
2011-07-29,1409.215
2011-07-30,1438.459
2011-07-31,1482.436
2011-08-01,1498.023
2011-08-02,1531.976
2011-08-03,1555.39
2011-08-04,1535.565
2011-08-05,1527.473
2011-08-06,1500.473
2011-08-07,1343.461
2011-08-08,1530.271
2011-08-09,1496.759
2011-08-10,1436.987
2011-08-11,1093.421
2011-08-12,1384.932
2011-08-13,1281.768
2011-08-14,1356.956
2011-08-15,1388.86
2011-08-16,1385.118
2011-08-17,1396.635
2011-08-18,1457.811
2011-08-19,1479.667
2011-08-20,1456.11
2011-08-21,1322.426
2011-08-22,1426.411
2011-08-23,1487.64
2011-08-24,1524.678
2011-08-25,1444.198
2011-08-26,1465.689
2011-08-27,1503.869
2011-08-28,1503.292
2011-08-29,1338.142
2011-08-30,1388.838
2011-08-31,1488.943
2011-09-01,1432.56
2011-09-02,1399.304
2011-09-03,1397.13
2011-09-04,1032.167
2011-09-05,950.802
2011-09-06,1001.035
2011-09-07,892.198
2011-09-08,1012.209
2011-09-09,983.345
2011-09-10,1009.757
2011-09-11,1156.777
2011-09-12,1290.168
2011-09-13,1332.576
2011-09-14,1055.254
2011-09-15,812.209
2011-09-16,784.58
2011-09-17,1023.554
2011-09-18,1045.107
2011-09-19,988.119
2011-09-20,1046.284
2011-09-21,992.238
2011-09-22,804.12
2011-09-23,864.597
2011-09-24,980.454
2011-09-25,914.696
2011-09-26,951.485
2011-09-27,1025.927
2011-09-28,1118.558
2011-09-29,1126.746
2011-09-30,866.696
2011-10-01,859.667
2011-10-02,903.364
2011-10-03,966.143
2011-10-04,982.803
2011-10-05,898.348
2011-10-06,984.116
2011-10-07,982.053
2011-10-08,857.827
2011-10-09,807.748
2011-10-10,824.313
2011-10-11,856.675
2011-10-12,879.754
2011-10-13,821.01
2011-10-14,843.367
2011-10-15,884.019
2011-10-16,959.518
2011-10-17,917.466
2011-10-18,822.354
2011-10-19,808.753
2011-10-20,859.285
2011-10-21,808.609
2011-10-22,808.115
2011-10-23,855.016
2011-10-24,876.794
2011-10-25,899.653
2011-10-26,830.04
2011-10-27,905.422
2011-10-28,864.54
2011-10-29,870.92
2011-10-30,819.284
2011-10-31,876.4
2011-11-01,841.091
2011-11-02,923.504
2011-11-03,990.187
2011-11-04,1032.998
2011-11-05,868.153
2011-11-06,816.763
2011-11-07,841.107
2011-11-08,890.219
2011-11-09,926.65
2011-11-10,976.539
2011-11-11,939.612
2011-11-12,838.779
2011-11-13,849.382
2011-11-14,856.69
2011-11-15,841.195
2011-11-16,990.62
2011-11-17,1063.249
2011-11-18,991.529
2011-11-19,820.779
2011-11-20,972.31
2011-11-21,1032.665
2011-11-22,933.639
2011-11-23,965.723
2011-11-24,922.036
2011-11-25,845.745
2011-11-26,963.017
2011-11-27,1057.396
2011-11-28,1124.843
2011-11-29,1061.066
2011-11-30,1097.096
2011-12-01,1017.58
2011-12-02,1025.526
2011-12-03,931.285
2011-12-04,1062.303
2011-12-05,1253.004
2011-12-06,1256.541
2011-12-07,1289.236
2011-12-08,1200.248
2011-12-09,1163.082
2011-12-10,1157.322
2011-12-11,1113.343
2011-12-12,1080.93
2011-12-13,1011.349
2011-12-14,900.904
2011-12-15,1062.481
2011-12-16,1095.679
2011-12-17,1097.044
2011-12-18,1009.882
2011-12-19,978.109
2011-12-20,1113.283
2011-12-21,1096.2
2011-12-22,1118.834
2011-12-23,1123.504
2011-12-24,1162.979
2011-12-25,1073.252
2011-12-26,1026.104
2011-12-27,1075.405
2011-12-28,1085.377
2011-12-29,1052.506
2011-12-30,927.775
2011-12-31,957.678
2012-01-01,970.631
2012-01-02,1064.825
2012-01-03,1174.597
2012-01-04,1057.427
2012-01-05,1106.398
2012-01-06,1005.779
2012-01-07,939.382
2012-01-08,967.478
2012-01-09,1061.38
2012-01-10,1025.5
2012-01-11,1099.232
2012-01-12,1267.72
2012-01-13,1251.617
2012-01-14,1079.568
2012-01-15,1054.225
2012-01-16,895.153
2012-01-17,1132.001
2012-01-18,1254.463
2012-01-19,1101.595
2012-01-20,1088.053
2012-01-21,1128.477
2012-01-22,987.794
2012-01-23,1045.995
2012-01-24,1058.124
2012-01-25,1008.838
2012-01-26,1044.551
2012-01-27,1074.609
2012-01-28,1040.619
2012-01-29,1078.619
2012-01-30,1035.721
2012-01-31,877.788
2012-02-01,954.209
2012-02-02,1015.375
2012-02-03,877.791
2012-02-04,1011.262
2012-02-05,1040.269
2012-02-06,1134.848
2012-02-07,1030.128
2012-02-08,1096.305
2012-02-09,1142.415
2012-02-10,1137.597
2012-02-11,1312.197
2012-02-12,1251.762
2012-02-13,1200.434
2012-02-14,1144.626
2012-02-15,964.577
2012-02-16,1012.139
2012-02-17,959.206
2012-02-18,1003.473
2012-02-19,995.371
2012-02-20,995.674
2012-02-21,1093.53
2012-02-22,980.355
2012-02-23,903.734
2012-02-24,1019.198
2012-02-25,1040.024
2012-02-26,945.266
2012-02-27,906.178
2012-02-28,872.893
2012-02-29,874.189
2012-03-01,914.251
2012-03-02,819.756
2012-03-03,863.531
2012-03-04,915.15
2012-03-05,885.452
2012-03-06,825.363
2012-03-07,827.21
2012-03-08,1078.86
2012-03-09,1044.17
2012-03-10,911.141
2012-03-11,897.338
2012-03-12,883.674
2012-03-13,862.343
2012-03-14,857.075
2012-03-15,878.177
2012-03-16,842.605
2012-03-17,830.633
2012-03-18,841.202
2012-03-19,805.591
2012-03-20,820.39
2012-03-21,825.735
2012-03-22,863.607
2012-03-23,857.771
2012-03-24,791.238
2012-03-25,881.593
2012-03-26,897.626
2012-03-27,877.812
2012-03-28,909.926
2012-03-29,906.814
2012-03-30,880.579
2012-03-31,958.531
2012-04-01,1052.629
2012-04-02,959.816
2012-04-03,833.34
2012-04-04,821.88
2012-04-05,807.029
2012-04-06,814.416
2012-04-07,824.438
2012-04-08,818.088
2012-04-09,869.674
2012-04-10,918.239
2012-04-11,875.71
2012-04-12,884.338
2012-04-13,835.976
2012-04-14,857.44
2012-04-15,806.773
2012-04-16,846.029
2012-04-17,868.901
2012-04-18,889.179
2012-04-19,885.173
2012-04-20,803.541
2012-04-21,811.32
2012-04-22,821.291
2012-04-23,854.524
2012-04-24,941.134
2012-04-25,1061.385
2012-04-26,999.464
2012-04-27,1006.415
2012-04-28,924.018
2012-04-29,933.223
2012-04-30,998.989
2012-05-01,999.433
2012-05-02,1064.984
2012-05-03,1106.247
2012-05-04,1064.858
2012-05-05,1170.875
2012-05-06,1089.383
2012-05-07,894.065
2012-05-08,864.359
2012-05-09,980.015
2012-05-10,951.401
2012-05-11,805.692
2012-05-12,806.619
2012-05-13,889.391
2012-05-14,939.537
2012-05-15,1051.895
2012-05-16,1116.591
2012-05-17,1132.012
2012-05-18,1117.425
2012-05-19,1084.559
2012-05-20,889.932
2012-05-21,1027.445
2012-05-22,1092.378
2012-05-23,1200.541
2012-05-24,1203.188
2012-05-25,1258.06
2012-05-26,1191.319
2012-05-27,1145.755
2012-05-28,1276.319
2012-05-29,1267.4
2012-05-30,1159.363
2012-05-31,970.386
2012-06-01,863.748
2012-06-02,1135.55
2012-06-03,1246.113
2012-06-04,1259.366
2012-06-05,1199.008
2012-06-06,944.381
2012-06-07,952.415
2012-06-08,1117.034
2012-06-09,1201.702
2012-06-10,1254.321
2012-06-11,1299.917
2012-06-12,1132.564
2012-06-13,1083.159
2012-06-14,1294.411
2012-06-15,1174.409
2012-06-16,1205.995
2012-06-17,1224.449
2012-06-18,1285.436
2012-06-19,1261.068
2012-06-20,1249.856
2012-06-21,1104.175
2012-06-22,1300.729
2012-06-23,1349.756
2012-06-24,1412.217
2012-06-25,1450.411
2012-06-26,1536.682
2012-06-27,1480.516
2012-06-28,1471.223
2012-06-29,1459.804
2012-06-30,1448.385
2012-07-01,1360.082
2012-07-02,1345.745
2012-07-03,1405.075
2012-07-04,1440.119
2012-07-05,1464.592
2012-07-06,1488.698
2012-07-07,1328.451
2012-07-08,1374.862
2012-07-09,1318.847
2012-07-10,1196.712
2012-07-11,1337.448
2012-07-12,1393.164
2012-07-13,1410.587
2012-07-14,1384.795
2012-07-15,1324.549
2012-07-16,1368.204
2012-07-17,1448.736
2012-07-18,1503.012
2012-07-19,1480.812
2012-07-20,1505.183
2012-07-21,1460.275
2012-07-22,1462.408
2012-07-23,1429.196
2012-07-24,1470.5
2012-07-25,1523.714
2012-07-26,1437.235
2012-07-27,1503.425
2012-07-28,1490.156
2012-07-29,1537.362
2012-07-30,1504.798
2012-07-31,1532.88
2012-08-01,1560.21
2012-08-02,1557.107
2012-08-03,1529.61
2012-08-04,1492.706
2012-08-05,1452.282
2012-08-06,1514.706
2012-08-07,1445.337
2012-08-08,1458.351
2012-08-09,1518.738
2012-08-10,1356.822
2012-08-11,1358.074
2012-08-12,1472.866
2012-08-13,1389.836
2012-08-14,1212.198
2012-08-15,1391.591
2012-08-16,1290.287
2012-08-17,1300.175
2012-08-18,1009.586
2012-08-19,1154.729
2012-08-20,1220.779
2012-08-21,1206.677
2012-08-22,1208.14
2012-08-23,1175.332
2012-08-24,1168.729
2012-08-25,1240.781
2012-08-26,1234.269
2012-08-27,1312.149
2012-08-28,1312.17
2012-08-29,1296.713
2012-08-30,1320.736
2012-08-31,1350.425
2012-09-01,1450.588
2012-09-02,1475.882
2012-09-03,1501.858
2012-09-04,1490.195
2012-09-05,1479.962
2012-09-06,1387.666
2012-09-07,1393.293
2012-09-08,1050.846
2012-09-09,1204.346
2012-09-10,1237.495
2012-09-11,1224.843
2012-09-12,1249.742
2012-09-13,915.03
2012-09-14,816.229
2012-09-15,857.794
2012-09-16,932.333
2012-09-17,1008.324
2012-09-18,961.688
2012-09-19,1043.486
2012-09-20,1160.899
2012-09-21,1218.661
2012-09-22,1220.736
2012-09-23,1102.537
2012-09-24,1156.272
2012-09-25,1237.894
2012-09-26,1178.78
2012-09-27,932.713
2012-09-28,920.748
2012-09-29,854.065
2012-09-30,899.581
2012-10-01,907.975
2012-10-02,910.849
2012-10-03,944.176
2012-10-04,894.734
2012-10-05,835.548
2012-10-06,913.782
2012-10-07,924.69
2012-10-08,964.314
2012-10-09,873.853
2012-10-10,859.705
2012-10-11,932.751
2012-10-12,891.811
2012-10-13,878.778
2012-10-14,899.755
2012-10-15,942.861
2012-10-16,983.986
2012-10-17,904.629
2012-10-18,871.385
2012-10-19,854.219
2012-10-20,911.195
2012-10-21,1130.096
2012-10-22,973.403
2012-10-23,1052.034
2012-10-24,996.657
2012-10-25,909.814
2012-10-26,961.168
2012-10-27,1006.641
2012-10-28,1007.935
2012-10-29,1040.66
2012-10-30,994.32
2012-10-31,904.522
2012-11-01,916.303
2012-11-02,910.137
2012-11-03,860.664
2012-11-04,887.95
2012-11-05,894.285
2012-11-06,956.127
2012-11-07,938.931
2012-11-08,912.236
2012-11-09,926.365
2012-11-10,918.523
2012-11-11,982.941
2012-11-12,1078.488
2012-11-13,1116.852
2012-11-14,1061.629
2012-11-15,1066.983
2012-11-16,1043.517
2012-11-17,989.998
2012-11-18,947.648
2012-11-19,909.44
2012-11-20,912.21
2012-11-21,934.105
2012-11-22,927.615
2012-11-23,929.925
2012-11-24,1029.371
2012-11-25,935.319
2012-11-26,1050.595
2012-11-27,1117.709
2012-11-28,1140.847
2012-11-29,1035.689
2012-11-30,950.585
2012-12-01,896.559
2012-12-02,958.078
2012-12-03,964.181
2012-12-04,942.761
2012-12-05,1044.221
2012-12-06,989.935
2012-12-07,964.862
2012-12-08,939.025
2012-12-09,1173.1
2012-12-10,1255.946
2012-12-11,1326.706
2012-12-12,1280.985
2012-12-13,1180.476
2012-12-14,1043.595
2012-12-15,952.504
2012-12-16,973.892
2012-12-17,1080.405
2012-12-18,1087.695
2012-12-19,996.384
2012-12-20,1177.429
2012-12-21,1236.296
2012-12-22,1100.997
2012-12-23,1019.488
2012-12-24,1172.746
2012-12-25,1354.58
2012-12-26,1342.064
2012-12-27,1295.157
2012-12-28,1270.261
2012-12-29,1317.464
2012-12-30,1273.231
2012-12-31,1147.187
2013-01-01,1244.271
2013-01-02,1242.792
2013-01-03,1307.099
2013-01-04,1267.776
2013-01-05,1101.082
2013-01-06,1179.528
2013-01-07,1274.173
2013-01-08,1155.425
2013-01-09,1082.685
2013-01-10,1004.485
2013-01-11,1049.873
2013-01-12,1224.882
2013-01-13,1290.793
2013-01-14,1340.218
2013-01-15,1331.874
2013-01-16,1393.932
2013-01-17,1234.58
2013-01-18,1242.846
2013-01-19,1078.03
2013-01-20,1098.369
2013-01-21,1183.345
2013-01-22,1248.524
2013-01-23,1144.591
2013-01-24,1102.766
2013-01-25,1171.867
2013-01-26,1091.662
2013-01-27,996.225
2013-01-28,913.739
2013-01-29,952.382
2013-01-30,1151.594
2013-01-31,1221.717
2013-02-01,1279.394
2013-02-02,1111.154
2013-02-03,1063.442
2013-02-04,943.597
2013-02-05,1026.233
2013-02-06,970.43
2013-02-07,978.168
2013-02-08,1103.132
2013-02-09,1102.14
2013-02-10,958.449
2013-02-11,1103.84
2013-02-12,1188.388
2013-02-13,1164.304
2013-02-14,1172.077
2013-02-15,1104.369
2013-02-16,1153.948
2013-02-17,1062.531
2013-02-18,992.759
2013-02-19,1156.105
2013-02-20,1250.528
2013-02-21,1179.675
2013-02-22,1279.027
2013-02-23,1226.387
2013-02-24,1143.203
2013-02-25,1052.984
2013-02-26,998.006
2013-02-27,1086.692
2013-02-28,1179.164
2013-03-01,1173.377
2013-03-02,1188.213
2013-03-03,1077.717
2013-03-04,938.552
2013-03-05,1089.409
2013-03-06,1202.896
2013-03-07,1122.747
2013-03-08,955.804
2013-03-09,882.735
2013-03-10,1146.826
2013-03-11,1230.372
2013-03-12,1155.449
2013-03-13,1144.314
2013-03-14,1057.863
2013-03-15,897.138
2013-03-16,889.14
2013-03-17,944.51
2013-03-18,981.264
2013-03-19,1017.974
2013-03-20,1023.302
2013-03-21,1001.019
2013-03-22,1050.578
2013-03-23,1049.015
2013-03-24,1146.673
2013-03-25,1226.423
2013-03-26,1275.817
2013-03-27,1155.78
2013-03-28,988.4
2013-03-29,880.255
2013-03-30,910.345
2013-03-31,886.901
2013-04-01,928.76
2013-04-02,1133.19
2013-04-03,1159.335
2013-04-04,1091.355
2013-04-05,1091.391
2013-04-06,858.013
2013-04-07,904.721
2013-04-08,956.28
2013-04-09,965.416
2013-04-10,1099.278
2013-04-11,1136.489
2013-04-12,1034.347
2013-04-13,889.435
2013-04-14,935.435
2013-04-15,960.965
2013-04-16,953.829
2013-04-17,948.908
2013-04-18,1054.165
2013-04-19,1114.614
2013-04-20,952.406
2013-04-21,909.293
2013-04-22,936.031
2013-04-23,1160.777
2013-04-24,1142.908
2013-04-25,1065.563
2013-04-26,878.281
2013-04-27,881.474
2013-04-28,962.167
2013-04-29,1015.198
2013-04-30,1016.887
2013-05-01,975.99
2013-05-02,1075.096
2013-05-03,1071.853
2013-05-04,946.491
2013-05-05,918.021
2013-05-06,932.91
2013-05-07,973.275
2013-05-08,984.101
2013-05-09,911.25
2013-05-10,891.639
2013-05-11,908.865
2013-05-12,927.632
2013-05-13,1063.084
2013-05-14,1100.823
2013-05-15,935.826
2013-05-16,934.999
2013-05-17,974.643
2013-05-18,1187.26
2013-05-19,1112.078
2013-05-20,1075.438
2013-05-21,894.789
2013-05-22,1045.774
2013-05-23,983.386
2013-05-24,1076.722
2013-05-25,1043.522
2013-05-26,1120.463
2013-05-27,1143.133
2013-05-28,1060.808
2013-05-29,1015.183
2013-05-30,1074.414
2013-05-31,1214.244
2013-06-01,1039.964
2013-06-02,1003.094
2013-06-03,1115.533
2013-06-04,1134.747
2013-06-05,1134.023
2013-06-06,1003.397
2013-06-07,1088.009
2013-06-08,1087.211
2013-06-09,1217.977
2013-06-10,1321.566
2013-06-11,1340.074
2013-06-12,1368.288
2013-06-13,1438.894
2013-06-14,1387.989
2013-06-15,1165.209
2013-06-16,1315.311
2013-06-17,1179.444
2013-06-18,1225.589
2013-06-19,1152.652
2013-06-20,1359.008
2013-06-21,1350.749
2013-06-22,1329.984
2013-06-23,1349.665
2013-06-24,1362.065
2013-06-25,1374.543
2013-06-26,1482.323
2013-06-27,1547.957
2013-06-28,1447.186
2013-06-29,1355.049
2013-06-30,1232.891
2013-07-01,1179.217
2013-07-02,1217.248
2013-07-03,1273.139
2013-07-04,1296.759
2013-07-05,1343.994
2013-07-06,1381.099
2013-07-07,1441.221
2013-07-08,1481.765
2013-07-09,1540.167
2013-07-10,1545.743
2013-07-11,1486.002
2013-07-12,1527.505
2013-07-13,1507.884
2013-07-14,1179.756
2013-07-15,985.703
2013-07-16,1150.129
2013-07-17,1203.529
2013-07-18,1334.981
2013-07-19,1367.292
2013-07-20,1392.248
2013-07-21,1428.551
2013-07-22,1495.937
2013-07-23,1533.566
2013-07-24,1394.475
2013-07-25,1211.842
2013-07-26,1095.496
2013-07-27,1254.97
2013-07-28,1265.389
2013-07-29,1335.295
2013-07-30,1369.552
2013-07-31,1426.555
2013-08-01,1440.349
2013-08-02,1528.352
2013-08-03,1464.54
2013-08-04,1472.469
2013-08-05,1483.699
2013-08-06,1483.507
2013-08-07,1512.451
2013-08-08,1391.7
2013-08-09,1281.056
2013-08-10,1275.72
2013-08-11,1419.098
2013-08-12,1388.377
2013-08-13,1218.972
2013-08-14,1258.907
2013-08-15,1231.714
2013-08-16,1205.194
2013-08-17,1199.087
2013-08-18,1251.513
2013-08-19,1302.246
2013-08-20,1372.276
2013-08-21,1405.172
2013-08-22,1413.676
2013-08-23,1392.433
2013-08-24,1457.682
2013-08-25,1463.427
2013-08-26,1437.398
2013-08-27,1336.111
2013-08-28,1449.724
2013-08-29,1512.044
2013-08-30,1528.269
2013-08-31,1491.605
2013-09-01,1409.765
2013-09-02,1416.777
2013-09-03,1388.151
2013-09-04,1461.306
2013-09-05,1455.648
2013-09-06,1478.202
2013-09-07,1487.594
2013-09-08,1452.856
2013-09-09,1408.55
2013-09-10,1373.894
2013-09-11,1429.373
2013-09-12,1388.832
2013-09-13,1237.049
2013-09-14,1208.756
2013-09-15,1355.798
2013-09-16,1287.629
2013-09-17,1231.703
2013-09-18,1359.69
2013-09-19,1226.854
2013-09-20,937.012
2013-09-21,1045.09
2013-09-22,1082.67
2013-09-23,1084.457
2013-09-24,1134.672
2013-09-25,1231.388
2013-09-26,1305.707
2013-09-27,1253.678
2013-09-28,1045.045
2013-09-29,1017.293
2013-09-30,1071.146
2013-10-01,1169.016
2013-10-02,1194.434
2013-10-03,1243.261
2013-10-04,1183.302
2013-10-05,904.947
2013-10-06,914.073
2013-10-07,955.338
2013-10-08,965.314
2013-10-09,995.627
2013-10-10,1036.074
2013-10-11,1047.295
2013-10-12,989.907
2013-10-13,989.3
2013-10-14,974.943
2013-10-15,919.483
2013-10-16,934.007
2013-10-17,929.863
2013-10-18,956.796
2013-10-19,961.462
2013-10-20,914.397
2013-10-21,954.271
2013-10-22,1009.433
2013-10-23,932.409
2013-10-24,941.553
2013-10-25,1003.366
2013-10-26,905.018
2013-10-27,934.488
2013-10-28,948.909
2013-10-29,963.614
2013-10-30,949.542
2013-10-31,893.408
2013-11-01,936.964
2013-11-02,919.311
2013-11-03,991.437
2013-11-04,965.116
2013-11-05,965.904
2013-11-06,1032.018
2013-11-07,1095.927
2013-11-08,1054.279
2013-11-09,913.564
2013-11-10,945.875
2013-11-11,975.09
2013-11-12,1186.376
2013-11-13,1304.572
2013-11-14,1215.648
2013-11-15,1051.34
2013-11-16,957.129
2013-11-17,962.342
2013-11-18,988.281
2013-11-19,1048.854
2013-11-20,1008.397
2013-11-21,1162.094
2013-11-22,1360.081
2013-11-23,1255.936
2013-11-24,1342.491
2013-11-25,1307.666
2013-11-26,1261.251
2013-11-27,1344.164
2013-11-28,1267.999
2013-11-29,1201.642
2013-11-30,1054.134
2013-12-01,1041.459
2013-12-02,1080.512
2013-12-03,1098.778
2013-12-04,1240.426
2013-12-05,1511.513
2013-12-06,1455.39
2013-12-07,1508.38
2013-12-08,1368.718
2013-12-09,1450.712
2013-12-10,1525.361
2013-12-11,1433.352
2013-12-12,1468.084
2013-12-13,1284.303
2013-12-14,1281.736
2013-12-15,1314.324
2013-12-16,1250.605
2013-12-17,1239.684
2013-12-18,1241.488
2013-12-19,1064.235
2013-12-20,1337.288
2013-12-21,1266.8
2013-12-22,1364.84
2013-12-23,1406.622
2013-12-24,1393.059
2013-12-25,1271.452
2013-12-26,1331.717
2013-12-27,1280.762
2013-12-28,1193.325
2013-12-29,1407.735
2013-12-30,1433.158
2013-12-31,1390.799
2014-01-01,1274.54
2014-01-02,1467.749
2014-01-03,1424.465
2014-01-04,1208.016
2014-01-05,1583.319
2014-01-06,1627.073
2014-01-07,1553.531
2014-01-08,1340.73
2014-01-09,1299.491
2014-01-10,1192.485
2014-01-11,1174.62
2014-01-12,1125.733
2014-01-13,1120.8
2014-01-14,1231.636
2014-01-15,1326.922
2014-01-16,1216.527
2014-01-17,1239.777
2014-01-18,1188.904
2014-01-19,1216.727
2014-01-20,1148.695
2014-01-21,1309.807
2014-01-22,1365.346
2014-01-23,1565.807
2014-01-24,1663.086
2014-01-25,1258.252
2014-01-26,1140.09
2014-01-27,1548.659
2014-01-28,1558.043
2014-01-29,1584.515
2014-01-30,1415.308
2014-01-31,1210.499
2014-02-01,1310.665
2014-02-02,1445.482
2014-02-03,1430.718
2014-02-04,1366.361
2014-02-05,1683.413
2014-02-06,1678.063
2014-02-07,1548.139
2014-02-08,1425.071
2014-02-09,1441.881
2014-02-10,1549.396
2014-02-11,1549.335
2014-02-12,1416.547
2014-02-13,1447.689
2014-02-14,1157.418
2014-02-15,1216.04
2014-02-16,1105.161
2014-02-17,1002.206
2014-02-18,1193.633
2014-02-19,1022.64
2014-02-20,1082.625
2014-02-21,1263.03
2014-02-22,1075.004
2014-02-23,1084.364
2014-02-24,1221.24
2014-02-25,1254.209
2014-02-26,1436.211
2014-02-27,1454.32
2014-02-28,1196.523
2014-03-01,1176.264833
2014-03-02,1679.070667
2014-03-03,1604.983417
2014-03-04,1458.264083
2014-03-05,1323.02075
2014-03-06,1266.47625
2014-03-07,1227.056167
2014-03-08,1271.38225
2014-03-09,1204.5605
2014-03-10,1177.992667
2014-03-11,1011.752833
2014-03-12,1178.3045
2014-03-13,1237.563667
2014-03-14,1075.091583
2014-03-15,980.121833
2014-03-16,1185.13925
2014-03-17,1256.912583
2014-03-18,1107.256333
2014-03-19,1094.157083
2014-03-20,1154.460083
2014-03-21,1007.227667
2014-03-22,1039.94275
2014-03-23,1140.380167
2014-03-24,1232.29325
2014-03-25,1202.017167
2014-03-26,1192.6295
2014-03-27,1042.15825
2014-03-28,1025.218583
2014-03-29,1099.14175
2014-03-30,1031.114083
2014-03-31,970.491833
2014-04-01,952.982667
2014-04-02,1024.776583
2014-04-03,1011.793583
2014-04-04,1018.15875
2014-04-05,1022.824083
2014-04-06,1076.579333
2014-04-07,1031.206167
2014-04-08,1045.286833
2014-04-09,1085.44675
2014-04-10,1030.789833
2014-04-11,941.5125
2014-04-12,1008.683083
2014-04-13,975.056
2014-04-14,1071.349
2014-04-15,1195.964667
2014-04-16,1103.179917
2014-04-17,1014.126583
2014-04-18,992.926333
2014-04-19,965.221
2014-04-20,957.941917
2014-04-21,998.0595
2014-04-22,1025.23475
2014-04-23,1021.35225
2014-04-24,968.525833
2014-04-25,972.137417
2014-04-26,1066.001917
2014-04-27,1043.08775
2014-04-28,947.649583
2014-04-29,996.594333
2014-04-30,1009.872667
2014-05-01,1029.662
2014-05-02,1010.701917
2014-05-03,1070.109583
2014-05-04,1239.420583
2014-05-05,1290.557583
2014-05-06,1254.873333
2014-05-07,1186.979833
2014-05-08,1100.64725
2014-05-09,1118.674333
2014-05-10,1219.484667
2014-05-11,1218.557333
2014-05-12,1016.067
2014-05-13,921.894083
2014-05-14,969.6405
2014-05-15,990.16175
2014-05-16,992.482333
2014-05-17,948.52975
2014-05-18,1056.92775
2014-05-19,1179.265083
2014-05-20,1246.045333
2014-05-21,1307.951917
2014-05-22,1285.32225
2014-05-23,1093.21975
2014-05-24,1099.816167
2014-05-25,1096.568417
2014-05-26,1075.832833
2014-05-27,1015.5245
2014-05-28,1176.99475
2014-05-29,1249.613333
2014-05-30,1166.71975
2014-05-31,1202.233417
2014-06-01,1249.385667
2014-06-02,1290.626167
2014-06-03,1363.62575
2014-06-04,1464.579917
2014-06-05,1416.918333
2014-06-06,1244.988667
2014-06-07,1217.987417
2014-06-08,1057.951333
2014-06-09,1052.151333
2014-06-10,1112.00175
2014-06-11,1304.825917
2014-06-12,1178.443417
2014-06-13,1253.604333
2014-06-14,1312.743667
2014-06-15,1303.720167
2014-06-16,1410.427
2014-06-17,1416.950583
2014-06-18,1409.399667
2014-06-19,1260.696917
2014-06-20,1375.603417
2014-06-21,1349.357917
2014-06-22,1329.023917
2014-06-23,1269.40025
2014-06-24,1319.076417
2014-06-25,1339.979417
2014-06-26,1318.206583
2014-06-27,1319.309667
2014-06-28,1260.105917
2014-06-29,1465.760833
2014-06-30,1463.1965
2014-07-01,1354.425417
2014-07-02,1250.7865
2014-07-03,1284.086333
2014-07-04,1416.674083
2014-07-05,1425.977917
2014-07-06,1516.61625
2014-07-07,1560.40625
2014-07-08,1545.707
2014-07-09,1394.83225
2014-07-10,1443.807917
2014-07-11,1493.381417
2014-07-12,1518.975833
2014-07-13,1566.424917
2014-07-14,1394.75775
2014-07-15,1202.120583
2014-07-16,1006.7135
2014-07-17,965.411583
2014-07-18,975.39725
2014-07-19,1153.204333
2014-07-20,1397.004833
2014-07-21,1522.544583
2014-07-22,1574.4945
2014-07-23,1567.94525
2014-07-24,1547.050167
2014-07-25,1537.505833
2014-07-26,1558.19975
2014-07-27,1561.566417
2014-07-28,1266.4695
2014-07-29,1302.067
2014-07-30,1074.414417
2014-07-31,1094.074083
2014-08-01,1253.23575
2014-08-02,1354.3795
2014-08-03,1405.99075
2014-08-04,1451.8295
2014-08-05,1467.04975
2014-08-06,1514.817667
2014-08-07,1549.833833
2014-08-08,1482.567333
2014-08-09,1453.256
2014-08-10,1497.931833
2014-08-11,1450.207083
2014-08-12,1383.481167
2014-08-13,1457.797333
2014-08-14,1464.339
2014-08-15,1516.994417
2014-08-16,1413.639083
2014-08-17,1538.881417
2014-08-18,1546.635667
2014-08-19,1537.472417
2014-08-20,1568.7525
2014-08-21,1601.199833
2014-08-22,1569.085417
2014-08-23,1560.947917
2014-08-24,1581.3485
2014-08-25,1617.558667
2014-08-26,1543.300333
2014-08-27,1558.720917
2014-08-28,1440.420833
2014-08-29,1303.862167
2014-08-30,1510.103083
2014-08-31,1542.0285
2014-09-01,1577.5325
2014-09-02,1443.76
2014-09-03,1578.430167
2014-09-04,1572.953333
2014-09-05,1511.325667
2014-09-06,1109.514333
2014-09-07,1229.876583
2014-09-08,1396.163333
2014-09-09,1465.837583
2014-09-10,1369.898083
2014-09-11,1079.198917
2014-09-12,947.079917
2014-09-13,941.431333
2014-09-14,1080.830667
2014-09-15,1199.016
2014-09-16,1318.600583
2014-09-17,1364.727
2014-09-18,1266.123667
2014-09-19,1330.461917
2014-09-20,1364.022083
2014-09-21,1326.83525
2014-09-22,1185.237917
2014-09-23,1181.1625
2014-09-24,1199.185
2014-09-25,1208.36625
2014-09-26,1231.309083
2014-09-27,1236.755
2014-09-28,1254.6485
2014-09-29,1240.864833
2014-09-30,1277.385333
2014-10-01,1372.053
2014-10-02,1133.373583
2014-10-03,960.910083
2014-10-04,985.783167
2014-10-05,1107.9215
2014-10-06,1174.677083
2014-10-07,1326.550333
2014-10-08,1245.76175
2014-10-09,1248.407417
2014-10-10,1032.678083
2014-10-11,948.0165
2014-10-12,1021.804333
2014-10-13,992.07375
2014-10-14,977.077083
2014-10-15,998.63625
2014-10-16,1032.327167
2014-10-17,994.045333
2014-10-18,960.050583
2014-10-19,1012.939167
2014-10-20,1089.767583
2014-10-21,1079.156083
2014-10-22,1050.783833
2014-10-23,1032.034
2014-10-24,1091.249667
2014-10-25,1181.270583
2014-10-26,1175.094833
2014-10-27,1110.954583
2014-10-28,1023.6865
2014-10-29,1019.520917
2014-10-30,1013.38675
2014-10-31,1011.93625
2014-11-01,1101.55175
2014-11-02,1078.0835
2014-11-03,1028.407083
2014-11-04,1095.648333
2014-11-05,1063.854167
2014-11-06,1074.996917
2014-11-07,1129.357333
2014-11-08,1019.412917
2014-11-09,1073.1795
2014-11-10,1045.910917
2014-11-11,1294.083333
2014-11-12,1477.235333
2014-11-13,1437.468583
2014-11-14,1416.872
2014-11-15,1327.455833
2014-11-16,1472.64975
2014-11-17,1460.214333
2014-11-18,1515.864167
2014-11-19,1331.502833
2014-11-20,1291.082417
2014-11-21,1112.166667
2014-11-22,1085.311833
2014-11-23,1108.906
2014-11-24,1209.353583
2014-11-25,1299.296917
2014-11-26,1207.49575
2014-11-27,1256.303083
2014-11-28,1146.244
2014-11-29,1032.224583
2014-11-30,1185.82075
2014-12-01,1429.206917
2014-12-02,1396.0285
2014-12-03,1253.05975
2014-12-04,1157.759083
2014-12-05,1040.964583
2014-12-06,1136.04
2014-12-07,1174.10825
2014-12-08,1147.556917
2014-12-09,1228.836083
2014-12-10,1239.096083
2014-12-11,1151.78425
2014-12-12,1148.807667
2014-12-13,1061.7515
2014-12-14,1078.403833
2014-12-15,1221.16625
2014-12-16,1302.5975
2014-12-17,1329.60675
2014-12-18,1279.356583
2014-12-19,1253.881667
2014-12-20,1212.628167
2014-12-21,1199.378667
2014-12-22,1147.033583
2014-12-23,1285.325833
2014-12-24,1249.699
2014-12-25,1264.705583
2014-12-26,1090.715667
2014-12-27,1324.619833
2014-12-28,1367.60875
2014-12-29,1331.42
2014-12-30,1503.593333
2014-12-31,1493.235083
2015-01-01,1377.7565
2015-01-02,1336.222833
2015-01-03,1267.479
2015-01-04,1518.55775
2015-01-05,1565.190833
2015-01-06,1414.329833
2015-01-07,1629.5185
2015-01-08,1664.670833
2015-01-09,1519.912417
2015-01-10,1477.26825
2015-01-11,1384.5465
2015-01-12,1458.35675
2015-01-13,1485.556417
2015-01-14,1428.61325
2015-01-15,1334.869333
2015-01-16,1392.834333
2015-01-17,1205.70375
2015-01-18,1260.47625
2015-01-19,1165.211167
2015-01-20,1184.846833
2015-01-21,1278.275167
2015-01-22,1298.948167
2015-01-23,1345.167833
2015-01-24,1293.125917
2015-01-25,1167.632333
2015-01-26,1317.13825
2015-01-27,1192.001333
2015-01-28,1127.793083
2015-01-29,1180.897
2015-01-30,1288.03
2015-01-31,1213.826917
2015-02-01,1390.853583
2015-02-02,1535.059167
2015-02-03,1428.385417
2015-02-04,1418.8305
2015-02-05,1500.794417
2015-02-06,1408.825583
2015-02-07,1169.558333
2015-02-08,1076.348583
2015-02-09,1109.534417
2015-02-10,1171.2245
2015-02-11,1227.026333
2015-02-12,1336.410833
2015-02-13,1313.7955
2015-02-14,1198.81925
2015-02-15,1297.2685
2015-02-16,1442.996917
2015-02-17,1437.253
2015-02-18,1435.225417
2015-02-19,1456.81175
2015-02-20,1280.559833
2015-02-21,1216.038417
2015-02-22,1571.743167
2015-02-23,1581.643417
2015-02-24,1501.229083
2015-02-25,1415.909083
2015-02-26,1540.623083
2015-02-27,1598.398167
2015-02-28,1508.267333
2015-03-01,1414.204667
2015-03-02,1416.914167
2015-03-03,1351.843
2015-03-04,1597.707167
2015-03-05,1568.644833
2015-03-06,1504.291083
2015-03-07,1286.202167
2015-03-08,1124.86875
2015-03-09,1183.689
2015-03-10,1159.197833
2015-03-11,1189.90875
2015-03-12,1125.799
2015-03-13,1077.6845
2015-03-14,1054.616333
2015-03-15,1071.95375
2015-03-16,1021.706917
2015-03-17,1034.676167
2015-03-18,1058.7305
2015-03-19,1111.590417
2015-03-20,1083.804917
2015-03-21,1060.015833
2015-03-22,1041.46525
2015-03-23,1049.367667
2015-03-24,1048.118833
2015-03-25,1041.061333
2015-03-26,1076.3355
2015-03-27,1117.487667
2015-03-28,1068.81475
2015-03-29,1051.911417
2015-03-30,1070.3835
2015-03-31,1095.85675
2015-04-01,1106.872083
2015-04-02,1100.928667
2015-04-03,985.507833
2015-04-04,1016.471583
2015-04-05,1073.6875
2015-04-06,1105.60775
2015-04-07,1170.716917
2015-04-08,1101.160667
2015-04-09,1059.691833
2015-04-10,1010.453
2015-04-11,982.853167
2015-04-12,1088.924583
2015-04-13,1026.360833
2015-04-14,1065.77225
2015-04-15,1038.5655
2015-04-16,1039.079667
2015-04-17,984.01925
2015-04-18,1010.25475
2015-04-19,1005.109417
2015-04-20,1015.869
2015-04-21,1012.664
2015-04-22,1003.417667
2015-04-23,1019.18875
2015-04-24,1009.214
2015-04-25,1059.01975
2015-04-26,1043.04125
2015-04-27,1072.952667
2015-04-28,1024.619333
2015-04-29,1024.004583
2015-04-30,1042.652167
2015-05-01,1046.88825
2015-05-02,1061.122333
2015-05-03,1092.726917
2015-05-04,1097.11775
2015-05-05,1032.621083
2015-05-06,1046.90925
2015-05-07,990.924667
2015-05-08,1000.385833
2015-05-09,966.383083
2015-05-10,1008.404583
2015-05-11,1003.143083
2015-05-12,998.023083
2015-05-13,1010.687417
2015-05-14,1120.101083
2015-05-15,1118.02375
2015-05-16,1000.042417
2015-05-17,1094.26575
2015-05-18,1178.745417
2015-05-19,997.796167
2015-05-20,987.471667
2015-05-21,985.454083
2015-05-22,959.94675
2015-05-23,938.90675
2015-05-24,968.44775
2015-05-25,1006.31175
2015-05-26,1056.200917
2015-05-27,1115.81625
2015-05-28,1098.25775
2015-05-29,1081.602667
2015-05-30,992.35325
2015-05-31,1038.491417
2015-06-01,1154.469333
2015-06-02,1263.0435
2015-06-03,1322.646917
2015-06-04,1344.3635
2015-06-05,1362.970167
2015-06-06,1401.275083
2015-06-07,1402.671917
2015-06-08,1417.647167
2015-06-09,1457.596333
2015-06-10,1501.00025
2015-06-11,1449.6015
2015-06-12,1332.584917
2015-06-13,1182.622417
2015-06-14,1223.675417
2015-06-15,1200.870833
2015-06-16,1205.350333
2015-06-17,1086.07875
2015-06-18,1241.686833
2015-06-19,1440.6585
2015-06-20,1406.4555
2015-06-21,1348.68625
2015-06-22,1443.887917
2015-06-23,1484.093833
2015-06-24,1505.317583
2015-06-25,1506.522167
2015-06-26,1423.2265
2015-06-27,1359.082083
2015-06-28,1440.232333
2015-06-29,1495.132083
2015-06-30,1510.90525
2015-07-01,1509.9405
2015-07-02,1403.448
2015-07-03,1410.363667
2015-07-04,1442.475333
2015-07-05,1479.6945
2015-07-06,1428.641417
2015-07-07,1071.7795
2015-07-08,1083.632583
2015-07-09,1267.274
2015-07-10,1388.543917
2015-07-11,1458.252
2015-07-12,1534.2065
2015-07-13,1559.32225
2015-07-14,1551.808917
2015-07-15,1540.8235
2015-07-16,1566.833083
2015-07-17,1573.026583
2015-07-18,1598.352333
2015-07-19,1626.652417
2015-07-20,1612.125167
2015-07-21,1303.565417
2015-07-22,1525.246917
2015-07-23,1610.938917
2015-07-24,1573.194167
2015-07-25,1566.887
2015-07-26,1610.487167
2015-07-27,1570.49375
2015-07-28,1591.041667
2015-07-29,1611.609083
2015-07-30,1517.804083
2015-07-31,1397.812583
2015-08-01,1438.247667
2015-08-02,1421.387083
2015-08-03,1373.43025
2015-08-04,1365.44125
2015-08-05,1610.04975
2015-08-06,1658.692833
2015-08-07,1653.002833
2015-08-08,1607.141417
2015-08-09,1614.220167
2015-08-10,1530.815333
2015-08-11,1558.90725
2015-08-12,1405.828917
2015-08-13,1498.500583
2015-08-14,1381.85475
2015-08-15,1478.462
2015-08-16,1524.108583
2015-08-17,1470.321167
2015-08-18,1474.18525
2015-08-19,1176.930583
2015-08-20,1177.908833
2015-08-21,1359.00975
2015-08-22,1446.461167
2015-08-23,1260.33025
2015-08-24,1368.84075
2015-08-25,1466.996417
2015-08-26,1519.970833
2015-08-27,1427.0735
2015-08-28,1309.322167
2015-08-29,1459.40675
2015-08-30,1494.473667
2015-08-31,1472.241583
2015-09-01,1512.623
2015-09-02,1540.32275
2015-09-03,1533.704083
2015-09-04,1558.29925
2015-09-05,1584.79375
2015-09-06,1616.067417
2015-09-07,1645.960333
2015-09-08,1511.368417
2015-09-09,1343.092667
2015-09-10,1459.477917
2015-09-11,1200.137583
2015-09-12,1206.266167
2015-09-13,1288.2045
2015-09-14,1272.453833
2015-09-15,1325.479417
2015-09-16,1437.292333
2015-09-17,1465.454167
2015-09-18,1328.037083
2015-09-19,1095.255583
2015-09-20,1016.6345
2015-09-21,1280.918833
2015-09-22,1329.247167
2015-09-23,1253.939
2015-09-24,1258.77325
2015-09-25,1310.248333
2015-09-26,1210.441111
2015-09-27,1265.804167
2015-09-28,1276.019417
2015-09-29,1281.214167
2015-09-30,1210.057333
2015-10-01,1023.145167
2015-10-02,962.257917
2015-10-03,962.244833
2015-10-04,1021.237667
2015-10-05,985.437833
2015-10-06,1064.608167
2015-10-07,1105.288833
2015-10-08,1169.825583
2015-10-09,961.391917
2015-10-10,1030.182417
2015-10-11,1233.9125
2015-10-12,1151.889083
2015-10-13,1146.21375
2015-10-14,1241.559333
2015-10-15,1286.28275
2015-10-16,981.8215
2015-10-17,979.15225
2015-10-18,1039.121167
2015-10-19,1066.539
2015-10-20,1091.994417
2015-10-21,1113.954583
2015-10-22,1007.18525
2015-10-23,1016.1555
2015-10-24,945.113667
2015-10-25,990.423333
2015-10-26,1002.510333
2015-10-27,1017.490417
2015-10-28,995.787083
2015-10-29,1003.365833
2015-10-30,999.224167
2015-10-31,940.1145
2015-11-01,1000.862333
2015-11-02,1035.388833
2015-11-03,1028.225
2015-11-04,1018.849
2015-11-05,1015.895583
2015-11-06,957.759583
2015-11-07,960.674083
2015-11-08,1012.124583
2015-11-09,1027.6285
2015-11-10,1017.97525
2015-11-11,999.643
2015-11-12,1038.319083
2015-11-13,1104.717917
2015-11-14,1040.287917
2015-11-15,1080.79425
2015-11-16,1068.13725
2015-11-17,1073.60375
2015-11-18,1100.33775
2015-11-19,1062.228833
2015-11-20,1104.130833
2015-11-21,1196.419333
2015-11-22,1241.80325
2015-11-23,1218.370917
2015-11-24,1131.996667
2015-11-25,1053.816
2015-11-26,1051.170833
2015-11-27,1215.03925
2015-11-28,1114.311167
2015-11-29,1052.026083
2015-11-30,1103.210167
2015-12-01,1166.052833
2015-12-02,1223.717333
2015-12-03,1246.527
2015-12-04,1231.749583
2015-12-05,1190.714417
2015-12-06,1126.397333
2015-12-07,1244.38375
2015-12-08,1157.822417
2015-12-09,1142.067333
2015-12-10,1079.898417
2015-12-11,1087.0935
2015-12-12,966.103417
2015-12-13,1119.456583
2015-12-14,1121.023167
2015-12-15,1107.345583
2015-12-16,1219.715083
2015-12-17,1329.268917
2015-12-18,1382.666333
2015-12-19,1245.69925
2015-12-20,1119.821167
2015-12-21,1103.424417
2015-12-22,1198.653667
2015-12-23,1040.37825
2015-12-24,1047.319833
2015-12-25,1116.255917
2015-12-26,1117.8305
2015-12-27,1205.379333
2015-12-28,1025.783333
2015-12-29,1097.2945
2015-12-30,1089.790417
2015-12-31,1135.679167
2016-01-01,1192.183
2016-01-02,1177.783
2016-01-03,1184.402
2016-01-04,1307.493
2016-01-05,1400.621
2016-01-06,1270.36
2016-01-07,1156.537
2016-01-08,1208.498
2016-01-09,1369.318
2016-01-10,1451.427
2016-01-11,1373.601
2016-01-12,1358.604
2016-01-13,1320.117
2016-01-14,1255.697
2016-01-15,1191.153
2016-01-16,1265.749
2016-01-17,1364.026
2016-01-18,1419.353
2016-01-19,1382.056
2016-01-20,1356.852
2016-01-21,1387.208
2016-01-22,1410.139
2016-01-23,1364.863
2016-01-24,1277.725
2016-01-25,1137.983
2016-01-26,1301.659
2016-01-27,1397.154
2016-01-28,1267.437
2016-01-29,1196.706
2016-01-30,1068.582
2016-01-31,1037.066
2016-02-01,1174.767
2016-02-02,1188.832
2016-02-03,1313.598
2016-02-04,1389.768
2016-02-05,1311.689
2016-02-06,1167.153
2016-02-07,1202.859
2016-02-08,1264.799
2016-02-09,1301.577
2016-02-10,1329.387
2016-02-11,1147.424
2016-02-12,1210.702
2016-02-13,1187.412
2016-02-14,1049.919
2016-02-15,1094.883
2016-02-16,1105.741
2016-02-17,1204.712
2016-02-18,1064.891
2016-02-19,941.472
2016-02-20,964.561
2016-02-21,1008.317
2016-02-22,1065.04
2016-02-23,1241.584
2016-02-24,1258.032
2016-02-25,1215.689
2016-02-26,1325.526
2016-02-27,1134.336
2016-02-28,980.653
2016-02-29,1069.971
2016-03-01,1027.902
2016-03-02,1159.573
2016-03-03,1035.357
2016-03-04,1131.914
2016-03-05,990.45
2016-03-06,1024.88
2016-03-07,1021.385
2016-03-08,988.296
2016-03-09,995.585
2016-03-10,972.345
2016-03-11,974.254
2016-03-12,932.736
2016-03-13,942.6
2016-03-14,961.781
2016-03-15,948.827
2016-03-16,989.59
2016-03-17,970.657
2016-03-18,1084.428
2016-03-19,1117.34
2016-03-20,1150.439
2016-03-21,1247.338
2016-03-22,1078.621
2016-03-23,974.435
2016-03-24,1063.91
2016-03-25,1144.568
2016-03-26,956.155
2016-03-27,1045.079
2016-03-28,1134.335
2016-03-29,1010.089
2016-03-30,1010.76
2016-03-31,969.289
2016-04-01,993.719
2016-04-02,1055.215
2016-04-03,1005.967
2016-04-04,1041.085
2016-04-05,1045.442
2016-04-06,979.196
2016-04-07,977.505
2016-04-08,942.606
2016-04-09,954.26
2016-04-10,1001.692
2016-04-11,946.731
2016-04-12,954.545
2016-04-13,962.686
2016-04-14,970.207
2016-04-15,939.966
2016-04-16,921.011
2016-04-17,947.935
2016-04-18,928.621
2016-04-19,949.253
2016-04-20,948.951
2016-04-21,947.597
2016-04-22,956.796
2016-04-23,1016.793
2016-04-24,1024.609
2016-04-25,1095.628
2016-04-26,1071.733
2016-04-27,981.016
2016-04-28,990.323
2016-04-29,902.661
2016-04-30,936.361
2016-05-01,953.32
2016-05-02,947.092
2016-05-03,949.352
2016-05-04,981.84
2016-05-05,1005.137
2016-05-06,1030.401
2016-05-07,1022.929
2016-05-08,995.304
2016-05-09,996.153
2016-05-10,1202.164
2016-05-11,1160.903
2016-05-12,1071.637
2016-05-13,1075.413
2016-05-14,901.706
2016-05-15,913.137
2016-05-16,948.608
2016-05-17,916.022
2016-05-18,914.677
2016-05-19,913.402
2016-05-20,936.423
2016-05-21,1032.31
2016-05-22,1088.936
2016-05-23,1036.508
2016-05-24,1190.107
2016-05-25,1264.431
2016-05-26,1201.994
2016-05-27,1084.763
2016-05-28,1190.027
2016-05-29,1197.635
2016-05-30,1185.083
2016-05-31,1059.486
2016-06-01,999.337
2016-06-02,980.725
2016-06-03,1055.463
2016-06-04,1177.288
2016-06-05,1163.168
2016-06-06,1222.737
2016-06-07,1294.147
2016-06-08,1351.939
2016-06-09,1344.387
2016-06-10,1350.81
2016-06-11,1331.221
2016-06-12,1189.049
2016-06-13,1215.734
2016-06-14,1364.363
2016-06-15,1481.289
2016-06-16,1490.824
2016-06-17,1514.488
2016-06-18,1365.832
2016-06-19,1387.976
2016-06-20,1449.345
2016-06-21,1473.831
2016-06-22,1494.647
2016-06-23,1478.262
2016-06-24,1426.428
2016-06-25,1463.858
2016-06-26,1400.577
2016-06-27,1409.731
2016-06-28,1428.776
2016-06-29,1392.026
2016-06-30,1395.393
2016-07-01,1319.655
2016-07-02,1455.918
2016-07-03,1383.565
2016-07-04,1418.755
2016-07-05,1473.476
2016-07-06,1518.418
2016-07-07,1517.098
2016-07-08,1376.532
2016-07-09,1324.124
2016-07-10,1489.75
2016-07-11,1454.746
2016-07-12,1488.401
2016-07-13,1551.152
2016-07-14,1284.734
2016-07-15,1353.073
2016-07-16,1425.038
2016-07-17,1468.327
2016-07-18,1502.547
2016-07-19,1490.137
2016-07-20,1547.648
2016-07-21,1536.626
2016-07-22,1546.954
2016-07-23,1563.423
2016-07-24,1605.381
2016-07-25,1522.177
2016-07-26,1404.469
2016-07-27,1447.962
2016-07-28,1529.115
2016-07-29,1360.764
2016-07-30,1423.968
2016-07-31,1525.997
2016-08-01,1568.281
2016-08-02,1559.328
2016-08-03,1593.921
2016-08-04,1534.537
2016-08-05,1546.692
2016-08-06,1492.591
2016-08-07,1539.405
2016-08-08,1396.427
2016-08-09,1459.17
2016-08-10,1533.654
2016-08-11,1610.698
2016-08-12,1366.158
2016-08-13,1381.538
2016-08-14,1260.315
2016-08-15,1315.8
2016-08-16,1387.521
2016-08-17,1395.962
2016-08-18,1286.454
2016-08-19,1261.459
2016-08-20,1177.229
2016-08-21,1268.875
2016-08-22,1265.394
2016-08-23,1354.226
2016-08-24,1410.181
2016-08-25,1401.573
2016-08-26,1286.725
2016-08-27,1318.877
2016-08-28,1372.558
2016-08-29,1319.056
2016-08-30,1358.63
2016-08-31,1278.635
2016-09-01,1126.36
2016-09-02,1186.879
2016-09-03,1240.37
2016-09-04,1352.489
2016-09-05,1444.439
2016-09-06,1414.742
2016-09-07,1411.626
2016-09-08,1448.584
2016-09-09,1407.52
2016-09-10,1072.965
2016-09-11,1194.41
2016-09-12,1276.796
2016-09-13,1278.292
2016-09-14,1181.554
2016-09-15,1134.559
2016-09-16,1227.395
2016-09-17,1244.692
2016-09-18,1312.316
2016-09-19,1443.371
2016-09-20,1424.748
2016-09-21,1358.598
2016-09-22,1312.597
2016-09-23,1307.838
2016-09-24,1229.106
2016-09-25,1016.811
2016-09-26,961.789
2016-09-27,1030.312
2016-09-28,1137.056
2016-09-29,957.611
2016-09-30,980.639
2016-10-01,1012.183
2016-10-02,1098.006
2016-10-03,1117.053
2016-10-04,1137.655
2016-10-05,1221.79
2016-10-06,1207.831
2016-10-07,914.583
2016-10-08,905.085
2016-10-09,967.2
2016-10-10,987.128
2016-10-11,1057.754
2016-10-12,963.227
2016-10-13,923.107
2016-10-14,942.403
2016-10-15,1090.751
2016-10-16,1227.871
2016-10-17,1232.733
2016-10-18,1109.795
2016-10-19,1164.075
2016-10-20,943.157
2016-10-21,913.873
2016-10-22,948.857
2016-10-23,982.527
2016-10-24,1055.312
2016-10-25,1031.449
2016-10-26,1023.862
2016-10-27,1064.788
2016-10-28,1118.892
2016-10-29,1078.514
2016-10-30,994.658
2016-10-31,1047.53
2016-11-01,1085.827
2016-11-02,1068.165
2016-11-03,961.058
2016-11-04,911.434
2016-11-05,917.232
2016-11-06,939.591
2016-11-07,953.507
2016-11-08,949.439
2016-11-09,949.897
2016-11-10,952.817
2016-11-11,925.952
2016-11-12,920.563
2016-11-13,964.537
2016-11-14,954.22
2016-11-15,963.657
2016-11-16,993.773
2016-11-17,991.697
2016-11-18,1010.451
2016-11-19,1061.98
2016-11-20,1108.038
2016-11-21,1046.282
2016-11-22,978.087
2016-11-23,990.139
2016-11-24,1062.092
2016-11-25,1011.079
2016-11-26,1090.403
2016-11-27,1037.589
2016-11-28,1002.237
2016-11-29,1026.48
2016-11-30,1118.24
2016-12-01,1177.08
2016-12-02,1125.54
2016-12-03,1071.847
2016-12-04,1090.68
2016-12-05,1162.411
2016-12-06,1170.658
2016-12-07,1282.385
2016-12-08,1363.378
2016-12-09,1375.575
2016-12-10,1225.617
2016-12-11,1106.965
2016-12-12,1243.773
2016-12-13,1262.503
2016-12-14,1306.247
2016-12-15,1358.085
2016-12-16,1213.036
2016-12-17,1549.377
2016-12-18,1586.147
2016-12-19,1610.301
2016-12-20,1388.159
2016-12-21,1297.777
2016-12-22,1213.615
2016-12-23,1171.704
2016-12-24,1110.98
2016-12-25,937.896
2016-12-26,1002.708
2016-12-27,1137.611
2016-12-28,1019.04
2016-12-29,1142.72
2016-12-30,1287.968
2016-12-31,1105.852
2017-01-01,1088.788
2017-01-02,996.15
2017-01-03,1324.584
2017-01-04,1389.706
2017-01-05,1521.686
2017-01-06,1552.552
2017-01-07,1683.563
2017-01-08,1468.961
2017-01-09,1346.716
2017-01-10,1032.075
2017-01-11,1064.667
2017-01-12,1216.657
2017-01-13,1307.419
2017-01-14,1284.204
2017-01-15,1165.826
2017-01-16,1084.426
2017-01-17,1177.53
2017-01-18,1091.73
2017-01-19,1054.829
2017-01-20,1061.549
2017-01-21,1025.658
2017-01-22,1047.804
2017-01-23,1205.022
2017-01-24,1081.607
2017-01-25,1188.349
2017-01-26,1315.728
2017-01-27,1336.057
2017-01-28,1257.553
2017-01-29,1153.612
2017-01-30,1178.765
2017-01-31,1094.793
2017-02-01,1086.201
2017-02-02,1234.012
2017-02-03,1253.265
2017-02-04,1196.38
2017-02-05,1055.738
2017-02-06,986.566
2017-02-07,954.177
2017-02-08,1168.46
2017-02-09,1302.425
2017-02-10,1135.543
2017-02-11,964.523
2017-02-12,993.944
2017-02-13,1092.542
2017-02-14,1186.12
2017-02-15,1185.494
2017-02-16,1210.379
2017-02-17,1069.169
2017-02-18,930.675
2017-02-19,946.482
2017-02-20,966.027
2017-02-21,962.947
2017-02-22,990.362
2017-02-23,962.022
2017-02-24,1044.548
2017-02-25,1178.57
2017-02-26,1100.77
2017-02-27,1021.054
2017-02-28,970.033
2017-03-01,1077.027
2017-03-02,1212.16
2017-03-03,1130.124
2017-03-04,1017.284
2017-03-05,1031.857
2017-03-06,951.918
2017-03-07,964.895
2017-03-08,1096.523
2017-03-09,952.539
2017-03-10,945.266
2017-03-11,1077.513
2017-03-12,1096.59
2017-03-13,1066.182
2017-03-14,1177.995
2017-03-15,1180.026
2017-03-16,1053.704
2017-03-17,936.531
2017-03-18,1004.723
2017-03-19,1080.248
2017-03-20,1099.311
2017-03-21,1049.523
2017-03-22,976.938
2017-03-23,1026.934
2017-03-24,935.129
2017-03-25,916.401
2017-03-26,959.572
2017-03-27,933.351
2017-03-28,941.693
2017-03-29,970.032
2017-03-30,973.058
2017-03-31,957.448
2017-04-01,916.09
2017-04-02,952.337
2017-04-03,959.043
2017-04-04,1031.604
2017-04-05,1027.189
2017-04-06,971.658
2017-04-07,1020.029
2017-04-08,1014.212
2017-04-09,1075.71
2017-04-10,931.439
2017-04-11,940.796
2017-04-12,991.845
2017-04-13,937.586
2017-04-14,1049.69
2017-04-15,1070.24
2017-04-16,972.636
2017-04-17,960.934
2017-04-18,1096.748
2017-04-19,1093.01
2017-04-20,974.648
2017-04-21,985.187
2017-04-22,990.814
2017-04-23,979.62
2017-04-24,1012.116
2017-04-25,1034.187
2017-04-26,972.513
2017-04-27,971.27
2017-04-28,1015.058
2017-04-29,972.485
2017-04-30,1041.197
2017-05-01,971.588
2017-05-02,980.688
2017-05-03,937.64
2017-05-04,923.566
2017-05-05,919.655
2017-05-06,1013.089
2017-05-07,1097.809
2017-05-08,1130.474
2017-05-09,1099.798
2017-05-10,974.068
2017-05-11,1040.8
2017-05-12,916.616
2017-05-13,1025.214
2017-05-14,1149.47
2017-05-15,1246.738
2017-05-16,1109.217
2017-05-17,1101.286
2017-05-18,1163.521
2017-05-19,933.052
2017-05-20,905.67
2017-05-21,961.65
2017-05-22,910.63
2017-05-23,906.404
2017-05-24,934.668
2017-05-25,1114.697
2017-05-26,1281.159
2017-05-27,1294.544
2017-05-28,1160.5
2017-05-29,1209.569
2017-05-30,1213.871
2017-05-31,1280.624
2017-06-01,1143.202
2017-06-02,985.351
2017-06-03,1057.37
2017-06-04,1132.444
2017-06-05,1200.672
2017-06-06,1255.308
2017-06-07,1172.859
2017-06-08,1157.132
2017-06-09,1191.487
2017-06-10,1314.7
2017-06-11,1338.065
2017-06-12,1424.356
2017-06-13,1410.31
2017-06-14,1517.956
2017-06-15,1489.531
2017-06-16,1484.136
2017-06-17,1413.648
2017-06-18,1162.691
2017-06-19,1351.102
2017-06-20,1379.524
2017-06-21,1374.447
2017-06-22,1415.117
2017-06-23,1415.095
2017-06-24,1187.483
2017-06-25,1204.764
2017-06-26,1288.376
2017-06-27,1393.034
2017-06-28,1410.221
2017-06-29,1468.994
2017-06-30,1322.305
2017-07-01,1267.18
2017-07-02,1268.231
2017-07-03,1342.833
2017-07-04,1216.226
2017-07-05,1340.039
2017-07-06,1432.896
2017-07-07,1460.252
2017-07-08,1278.695
2017-07-09,1392.944
2017-07-10,1439.902
2017-07-11,1493.626
2017-07-12,1497.385
2017-07-13,1456.767
2017-07-14,1482.119
2017-07-15,1426.146
2017-07-16,1466.928
2017-07-17,1489.208
2017-07-18,1504.804
2017-07-19,1549.868
2017-07-20,1518.951
2017-07-21,1532.695
2017-07-22,1556.101
2017-07-23,1516.193
2017-07-24,1478.6
2017-07-25,1526.355
2017-07-26,1527.068
2017-07-27,1505.817
2017-07-28,1487.849
2017-07-29,1408.505
2017-07-30,1363.079
2017-07-31,1245.308
2017-08-01,1077.976
2017-08-02,1291.264
2017-08-03,1395.224
2017-08-04,1348.705
2017-08-05,1465.381
2017-08-06,1270.951
2017-08-07,1169.445
2017-08-08,1255.644
2017-08-09,1316.762
2017-08-10,1341.13
2017-08-11,1269.418
2017-08-12,1042.993
2017-08-13,1241.047
2017-08-14,1270.985
2017-08-15,1289.721
2017-08-16,1345.502
2017-08-17,1338.267
2017-08-18,1336.586
2017-08-19,1450.225
2017-08-20,1428.963
2017-08-21,1377.332
2017-08-22,1406.34
2017-08-23,1233.092
2017-08-24,1241.54
2017-08-25,1098.807
2017-08-26,1172.673
2017-08-27,1308.31
2017-08-28,1207.272
2017-08-29,1188.257
2017-08-30,1173.742
2017-08-31,1186.355
2017-09-01,1226.418
2017-09-02,1242.67
2017-09-03,1338.85
2017-09-04,1375.886
2017-09-05,1073.906
2017-09-06,1054.706
2017-09-07,1074.718
2017-09-08,1099.266
2017-09-09,1132.888
2017-09-10,1137.429
2017-09-11,1170.002
2017-09-12,1058.29
2017-09-13,1221.131
2017-09-14,1333.291
2017-09-15,1289.794
2017-09-16,1272.149
2017-09-17,1168.214
2017-09-18,1206.495
2017-09-19,1346.408
2017-09-20,1373.034
2017-09-21,1432.027
2017-09-22,1319.77
2017-09-23,1323.58
2017-09-24,1269.649
2017-09-25,1129.209
2017-09-26,1028.917
2017-09-27,1147.08452766667
2017-09-28,975.504
2017-09-29,978.882
2017-09-30,1008.134
2017-10-01,1120.905
2017-10-02,1205.513
2017-10-03,1139.857
2017-10-04,1057.704
2017-10-05,1093.017
2017-10-06,1189.863
2017-10-07,1051.242
2017-10-08,1097.164
2017-10-09,1145.678
2017-10-10,924.812
2017-10-11,957.637
2017-10-12,1071.369
2017-10-13,1162.818
2017-10-14,1237.641
2017-10-15,956.178
2017-10-16,951.183
2017-10-17,965.874
2017-10-18,994.524
2017-10-19,1005.436
2017-10-20,1012.007
2017-10-21,1010.524
2017-10-22,949.536
2017-10-23,956.748
2017-10-24,934.618
2017-10-25,948.962
2017-10-26,962.552
2017-10-27,1060.584
2017-10-28,1089.71
2017-10-29,1047.913
2017-10-30,1001.344
2017-10-31,1076.856
2017-11-01,1080.536
2017-11-02,1014.524
2017-11-03,934.204
2017-11-04,972.079
2017-11-05,1012.434
2017-11-06,1019.698
2017-11-07,1109.012
2017-11-08,1084.656
2017-11-09,1137.147
2017-11-10,1094.108
2017-11-11,1003.947
2017-11-12,1006.568
2017-11-13,1015.581
2017-11-14,1015.669
2017-11-15,980.691
2017-11-16,1016.884
2017-11-17,1008.566
2017-11-18,1022.688
2017-11-19,1104.183
2017-11-20,1130.109
2017-11-21,1056.948
2017-11-22,1144.868
2017-11-23,1134.943
2017-11-24,959.757
2017-11-25,940.373
2017-11-26,1021.316
2017-11-27,1027.682
2017-11-28,984.286
2017-11-29,1020.543
2017-11-30,1073.112
2017-12-01,1042.212
2017-12-02,958.235
2017-12-03,1020.537
2017-12-04,1045.661
2017-12-05,1202.772
2017-12-06,1193.049
2017-12-07,1342.375
2017-12-08,1417.738
2017-12-09,1276.866
2017-12-10,1228.802
2017-12-11,1205.891
2017-12-12,1161.556
2017-12-13,1233.39
2017-12-14,1174.794
2017-12-15,1263.566
2017-12-16,1241.678
2017-12-17,1144.438
2017-12-18,1109.264
2017-12-19,1033.766
2017-12-20,1092.265
2017-12-21,1115.537
2017-12-22,1337.57
2017-12-23,1304.182
2017-12-24,1294.888
2017-12-25,1333.059
2017-12-26,1354.85
2017-12-27,1381.459
2017-12-28,1278.55
2017-12-29,1275.309
2017-12-30,1479.397
2017-12-31,1564.096
2018-01-01,1556.882
2018-01-02,1558.18
2018-01-03,1602.372
2018-01-04,1442.719
2018-01-05,1432.819
2018-01-06,1297.832
2018-01-07,1146.919
2018-01-08,1252.563
2018-01-09,1278.35
2018-01-10,1199.902
2018-01-11,1508.223
2018-01-12,1571.748
2018-01-13,1409.934
2018-01-14,1343.743
2018-01-15,1550.406
2018-01-16,1699.742
2018-01-17,1749.17
2018-01-18,1622.241
2018-01-19,1443.384
2018-01-20,1079.134
2018-01-21,1034.658
2018-01-22,1223.468
2018-01-23,1346.049
2018-01-24,1340.998
2018-01-25,1268.679
2018-01-26,1114.655
2018-01-27,1064.566
2018-01-28,1234.022
2018-01-29,1356.485
2018-01-30,1396.455
2018-01-31,1190.209
2018-02-01,1213.627
2018-02-02,1274.514
2018-02-03,1251.435
2018-02-04,1364.305
2018-02-05,1505.825
2018-02-06,1395.658
2018-02-07,1431.664
2018-02-08,1448.35
2018-02-09,1210.396
2018-02-10,1442.521
2018-02-11,1479.291
2018-02-12,1547.315
2018-02-13,1318.378
2018-02-14,1153.354
2018-02-15,984.051
2018-02-16,1146.791
2018-02-17,1122.276
2018-02-18,1162.592
2018-02-19,1026.584
2018-02-20,1330.605
2018-02-21,1432.499
2018-02-22,1306.076
2018-02-23,1225.773
2018-02-24,1132.852
2018-02-25,1206.896
2018-02-26,1174.148
2018-02-27,1068.695
2018-02-28,987.338
2018-03-01,1055.939
2018-03-02,1187.916
2018-03-03,993.534
2018-03-04,993.661
2018-03-05,1103.767
2018-03-06,1217.818
2018-03-07,1203.727
2018-03-08,1220.685
2018-03-09,1072.826
2018-03-10,944.563
2018-03-11,1063.581
2018-03-12,1177.374
2018-03-13,1214.742
2018-03-14,1248.601
2018-03-15,1097.504
2018-03-16,946.016
2018-03-17,960.23
2018-03-18,969.56
2018-03-19,1096.493
2018-03-20,1119.658
2018-03-21,1091.039
2018-03-22,1037.918
2018-03-23,957.615
2018-03-24,924.36
2018-03-25,981.071
2018-03-26,945.485
2018-03-27,1006
2018-03-28,990.275
2018-03-29,955.24
2018-03-30,1029.004
2018-03-31,941.548
2018-04-01,1138.427
2018-04-02,1134.14
2018-04-03,1030.682
2018-04-04,1116.925
2018-04-05,1077.978
2018-04-06,1113.18
2018-04-07,1282.75
2018-04-08,1162.772
2018-04-09,1071.173
2018-04-10,1060.573
2018-04-11,1010.8
2018-04-12,1058.957
2018-04-13,965.625
2018-04-14,1083.359
2018-04-15,1168.318
2018-04-16,1131.017
2018-04-17,1054.273
2018-04-18,933.32
2018-04-19,959.034
2018-04-20,1015.639
2018-04-21,965.848
2018-04-22,964.143
2018-04-23,932.788
2018-04-24,978.674
2018-04-25,986.146
2018-04-26,1008.289
2018-04-27,911.51
2018-04-28,952.072
2018-04-29,1014.894
2018-04-30,1015.509
2018-05-01,1047.052
2018-05-02,1054
2018-05-03,1027.716
2018-05-04,907.094
2018-05-05,973.189
2018-05-06,1078.615
2018-05-07,1183.968
2018-05-08,1190.852
2018-05-09,1233.541
2018-05-10,1182.499
2018-05-11,1199.082
2018-05-12,1230.343
2018-05-13,1226.954
2018-05-14,1323.228
2018-05-15,1030.972
2018-05-16,1151.183
2018-05-17,1203.588
2018-05-18,1285.049
2018-05-19,1241.643
2018-05-20,999.313
2018-05-21,1190.828
2018-05-22,1225.957
2018-05-23,1283.733
2018-05-24,1312.618
2018-05-25,1118.747
2018-05-26,1343.931
2018-05-27,1338.559
2018-05-28,1353.744
2018-05-29,1387.316
2018-05-30,1450.103
2018-05-31,1385.48
2018-06-01,1471.284
2018-06-02,1466.232
2018-06-03,1259.674
2018-06-04,1191.16
2018-06-05,1379.334
2018-06-06,1455.778
2018-06-07,1197.326
2018-06-08,1339.969
2018-06-09,1420.013
2018-06-10,1499.729
2018-06-11,1500.533
2018-06-12,1318.287
2018-06-13,1490.011
2018-06-14,1503.51
2018-06-15,1484.263
2018-06-16,1441.049
2018-06-17,1470.123
2018-06-18,1409.996
2018-06-19,1330.303
2018-06-20,1324.82
2018-06-21,1426.694
2018-06-22,1353.534
2018-06-23,1339.528
2018-06-24,1148.594
2018-06-25,1316.741
2018-06-26,1446.859
2018-06-27,1521.214
2018-06-28,1551.074
2018-06-29,1516.301
2018-06-30,1429.533
2018-07-01,1287.085
2018-07-02,1477.215
2018-07-03,1527.238
2018-07-04,1454.18
2018-07-05,1446.235
2018-07-06,1468.258
2018-07-07,1422.072
2018-07-08,1428.191
2018-07-09,1446.629
2018-07-10,1472.54
2018-07-11,1524.692
2018-07-12,1505.381
2018-07-13,1515.88
2018-07-14,1497.607
2018-07-15,1492.17
2018-07-16,1551.229
2018-07-17,1545.739
2018-07-18,1433.097
2018-07-19,1626.307
2018-07-20,1631.932
2018-07-21,1578.68
2018-07-22,1532.948
2018-07-23,1364.547
2018-07-24,1476.558
2018-07-25,1574.778
2018-07-26,1374.41
2018-07-27,1473.617
2018-07-28,1475.082
2018-07-29,1460.025
2018-07-30,1318.081
2018-07-31,1229.739
2018-08-01,1336.211
2018-08-02,1371.508
2018-08-03,1419.451
2018-08-04,1429.803
2018-08-05,1508.134
2018-08-06,1526.026
2018-08-07,1531.665
2018-08-08,1215.875
2018-08-09,1412.145
2018-08-10,1416.479
2018-08-11,1343.992
2018-08-12,1225.542
2018-08-13,1093.223
2018-08-14,1232.418
2018-08-15,1430.832
2018-08-16,1348.894
2018-08-17,1454.421
2018-08-18,1350.061
2018-08-19,1316.765
2018-08-20,1239.321
2018-08-21,1286.125
2018-08-22,1304.747
2018-08-23,1470.738
2018-08-24,1487.583
2018-08-25,1532.815
2018-08-26,1528.841
2018-08-27,1553.397
2018-08-28,1538.791
2018-08-29,1494.757
2018-08-30,1552.898
2018-08-31,1511.274
2018-09-01,1485.376
2018-09-02,1381.629
2018-09-03,1212.717
2018-09-04,1182.317
2018-09-05,1196.249
2018-09-06,1197.063
2018-09-07,1065.49
2018-09-08,1008.761
2018-09-09,1047.67
2018-09-10,1096.665
2018-09-11,1121.901
2018-09-12,1161.384
2018-09-13,1230.066
2018-09-14,1332.886
2018-09-15,1211.183
2018-09-16,1331.647
2018-09-17,1389.216
2018-09-18,1408.661
2018-09-19,1428.625
2018-09-20,1387.745
2018-09-21,1077.658
2018-09-22,959.741
2018-09-23,1028.587
2018-09-24,1101.811
2018-09-25,1237.13
2018-09-26,951.03
2018-09-27,996.167
2018-09-28,1001.533
2018-09-29,1032.076
2018-09-30,1178.566
2018-10-01,1199.024
2018-10-02,1213.605
2018-10-03,1318.551
2018-10-04,1238.178
2018-10-05,1279.855
2018-10-06,1074.322
2018-10-07,1057.044
2018-10-08,1066.165
2018-10-09,967.159
2018-10-10,947.693
2018-10-11,935.051
2018-10-12,916.394
2018-10-13,928.556
2018-10-14,1041.757
2018-10-15,1114.14
2018-10-16,1054.5
2018-10-17,1016.879
2018-10-18,952.123
2018-10-19,920.635
2018-10-20,908.287
2018-10-21,975.296
2018-10-22,979.375
2018-10-23,961.502
2018-10-24,995.689
2018-10-25,978.897
2018-10-26,978.666
2018-10-27,925.539
2018-10-28,941.456
2018-10-29,1014.043
2018-10-30,969.778
2018-10-31,995.939
2018-11-01,1002.089
2018-11-02,1059.995
2018-11-03,1020.708
2018-11-04,1005.25
2018-11-05,983.114
2018-11-06,967.119
2018-11-07,1013.954
2018-11-08,1106.958
2018-11-09,1126.94
2018-11-10,1251.617
2018-11-11,1108.031
2018-11-12,1411.17
2018-11-13,1387.177
2018-11-14,1415.94
2018-11-15,1360.283
2018-11-16,1129.072
2018-11-17,1087.895
2018-11-18,1248.074
2018-11-19,1276.617
2018-11-20,1235.256
2018-11-21,1266.16
2018-11-22,1185.365
2018-11-23,1010.478
2018-11-24,1049.508
2018-11-25,1288.863
2018-11-26,1332.07
2018-11-27,1307.008
2018-11-28,1267.159
2018-11-29,1122.479
2018-11-30,1072.463
2018-12-01,1047.854
2018-12-02,1113.965
2018-12-03,1249.479
2018-12-04,1328.037
2018-12-05,1401.719
2018-12-06,1221.757
2018-12-07,1268.695
2018-12-08,1308.171
2018-12-09,1254.199
2018-12-10,1355.222
2018-12-11,1367.829
2018-12-12,1175.39
2018-12-13,1286.321
2018-12-14,1297.807
2018-12-15,1276.754
2018-12-16,1195.206
2018-12-17,1229.513
2018-12-18,1163.842
2018-12-19,1137.546
2018-12-20,1219.256
2018-12-21,1248.848
2018-12-22,1193
2018-12-23,1199.42
2018-12-24,1271.409
2018-12-25,1128.392
2018-12-26,1065.463
2018-12-27,1254.687
2018-12-28,1370.392
2018-12-29,1327.358
2018-12-30,1305.296
2018-12-31,1236.895
2019-01-01,1390.288
2019-01-02,1392.892
2019-01-03,1377.599
2019-01-04,1300.371
2019-01-05,1266.006
2019-01-06,1144.725
2019-01-07,1036.352
2019-01-08,1172.363
2019-01-09,1235.256
2019-01-10,1302.427
2019-01-11,1222.109
2019-01-12,1307.928
2019-01-13,1313.304
2019-01-14,1250.351
2019-01-15,1304.033
2019-01-16,1210.045
2019-01-17,1175.977
2019-01-18,1231.771
2019-01-19,1496.58
2019-01-20,1447.579
2019-01-21,1327.366
2019-01-22,1377.128
2019-01-23,1449.266
2019-01-24,1375.308
2019-01-25,1463.078
2019-01-26,1402.979
2019-01-27,1296.825
2019-01-28,1360.279
2019-01-29,1514.9
2019-01-30,1472.169
2019-01-31,1409.452
2019-02-01,1152.25
2019-02-02,1054.666
2019-02-03,1028.729
2019-02-04,1078.921
2019-02-05,1168.167
2019-02-06,1214.19
2019-02-07,1463.33
2019-02-08,1550.512
2019-02-09,1402.075
2019-02-10,1313.218
2019-02-11,1188.139
2019-02-12,1304.611
2019-02-13,1305.294
2019-02-14,1103.495
2019-02-15,1360.125
2019-02-16,1395.867
2019-02-17,1289.471
2019-02-18,1455.772
2019-02-19,1380.479
2019-02-20,1324.417
2019-02-21,1283.066
2019-02-22,1176.432
2019-02-23,1133.134
2019-02-24,1262.094
2019-02-25,1273.854
2019-02-26,1248.741
2019-02-27,1488.471
2019-02-28,1475.927
2019-03-01,1378.218
2019-03-02,1345.108
2019-03-03,1563.443
2019-03-04,1649.843
2019-03-05,1592.113
2019-03-06,1539.529
2019-03-07,1298.258
2019-03-08,1100.589
2019-03-09,1020.089
2019-03-10,1181.553
2019-03-11,1133.73
2019-03-12,1056.138
2019-03-13,991.935
2019-03-14,1110.103
2019-03-15,1231.461
2019-03-16,1253.676
2019-03-17,1120.742
2019-03-18,1087.554
2019-03-19,1128.946
2019-03-20,1038.484
2019-03-21,1078.544
2019-03-22,1066.357
2019-03-23,970.673
2019-03-24,969.85
2019-03-25,994.789
2019-03-26,1077.898
2019-03-27,1078.362
2019-03-28,1041.967
2019-03-29,951.784
2019-03-30,1163.399
2019-03-31,1160.155
2019-04-01,1107.016
2019-04-02,1157.466
2019-04-03,1025.462
2019-04-04,911.134
2019-04-05,939.216
2019-04-06,969.871
2019-04-07,955.172
2019-04-08,986.157
2019-04-09,1061.811
2019-04-10,1063.459
2019-04-11,960.284
2019-04-12,1019.587
2019-04-13,1150.021
2019-04-14,1057.433
2019-04-15,1033.595
2019-04-16,1025.009
2019-04-17,1012.637
2019-04-18,973.16
2019-04-19,965.478
2019-04-20,998.688
2019-04-21,1045.476
2019-04-22,1003.278
2019-04-23,960.455
2019-04-24,921.721
2019-04-25,987.877
2019-04-26,941.64
2019-04-27,968.111
2019-04-28,1036.964
2019-04-29,957.098
2019-04-30,922.391
2019-05-01,911.311
2019-05-02,943.132
2019-05-03,886.225
2019-05-04,894.986
2019-05-05,1009.77
2019-05-06,1095.101
2019-05-07,1083.2
2019-05-08,913.836
2019-05-09,927.581
2019-05-10,938.343
2019-05-11,885.115
2019-05-12,912.611
2019-05-13,1011.42
2019-05-14,1061.206
2019-05-15,1144.066
2019-05-16,1170.676
2019-05-17,1124.324
2019-05-18,989.576
2019-05-19,1069.08
2019-05-20,1012.94
2019-05-21,976.502
2019-05-22,1145.153
2019-05-23,1163.172
2019-05-24,1148.71
2019-05-25,1121.05
2019-05-26,1119.279
2019-05-27,1133.127
2019-05-28,1156.979
2019-05-29,982.979
2019-05-30,1100.074
2019-05-31,1164.807
2019-06-01,1120.353
2019-06-02,1214.128
2019-06-03,1192.654
2019-06-04,1145.164
2019-06-05,1190.848
2019-06-06,968.539
2019-06-07,1187.988
2019-06-08,1275.937
2019-06-09,1107.754
2019-06-10,1038.515
2019-06-11,1101.89
2019-06-12,1111.065
2019-06-13,1160.005
2019-06-14,1217.074
2019-06-15,1263.537
2019-06-16,1007.021
2019-06-17,1207.402
2019-06-18,1231.12
2019-06-19,1271.771
2019-06-20,1398.193
2019-06-21,1440.903
2019-06-22,1348.112
2019-06-23,1135.466
2019-06-24,1236.493
2019-06-25,1389.352
2019-06-26,1397.801
2019-06-27,1397.303
2019-06-28,1425.782
2019-06-29,1450.146
2019-06-30,1356.375
2019-07-01,1349.102
2019-07-02,1386.535
2019-07-03,1379.724
2019-07-04,1484.74
2019-07-05,1442.469
2019-07-06,1270.336
2019-07-07,1445.649
2019-07-08,1356.753
2019-07-09,1476.209
2019-07-10,1484.317
2019-07-11,1403.222
2019-07-12,1368.208
2019-07-13,1407.392
2019-07-14,1355.432
2019-07-15,1459.597
2019-07-16,1602.727
2019-07-17,1539.176
2019-07-18,1495.342
2019-07-19,1517.569
2019-07-20,1522.209
2019-07-21,1505.892
2019-07-22,1372.023
2019-07-23,1286.385
2019-07-24,1349.352
2019-07-25,1336.069
2019-07-26,1305.238
2019-07-27,1380.412
2019-07-28,1490.63
2019-07-29,1443.92
2019-07-30,1533.626
2019-07-31,1496.033
2019-08-01,1508.395
2019-08-02,1425.479
2019-08-03,1287.251
2019-08-04,1429.913
2019-08-05,1503.203
2019-08-06,1581.611
2019-08-07,1626.268
2019-08-08,1416.073
2019-08-09,1379.75
2019-08-10,1569.513
2019-08-11,1583.377
2019-08-12,1596.252
2019-08-13,1344.17
2019-08-14,1498.087
2019-08-15,1572.629
2019-08-16,1629.504
2019-08-17,1650.112
2019-08-18,1589.342
2019-08-19,1615.801
2019-08-20,1672.525
2019-08-21,1602.795
2019-08-22,1413.999
2019-08-23,1285.5
2019-08-24,1343.722
2019-08-25,1384.157
2019-08-26,1588.453
2019-08-27,1208.153
2019-08-28,1382.568
2019-08-29,1477.919
2019-08-30,1201.334
2019-08-31,1255.88
2019-09-01,1391.264
2019-09-02,1465.163
2019-09-03,1442.335
2019-09-04,1444.31
2019-09-05,1462.471
2019-09-06,1503.689
2019-09-07,1504.415
2019-09-08,1471.339
2019-09-09,1424.7
2019-09-10,1381.308
2019-09-11,1411.677
2019-09-12,1372.781
2019-09-13,1245.453
2019-09-14,1406.925
2019-09-15,1458.543
2019-09-16,1451.347
2019-09-17,1397.463
2019-09-18,1404.698
2019-09-19,1285.27
2019-09-20,1101.436
2019-09-21,1287.044
2019-09-22,1232.884
2019-09-23,1246.373
2019-09-24,1271.141
2019-09-25,1452.22
2019-09-26,1313.553
2019-09-27,1432.393
2019-09-28,1313.001
2019-09-29,1356.091
2019-09-30,1346.765
2019-10-01,1350.597
2019-10-02,1342.205
2019-10-03,1099.628
2019-10-04,1156.07
2019-10-05,1261.886
2019-10-06,1051.456
2019-10-07,977.103
2019-10-08,985.112
2019-10-09,1076.302
2019-10-10,1005.377
2019-10-11,1009.561
2019-10-12,1058.114
2019-10-13,991.637
2019-10-14,1038.486
2019-10-15,1046.761
2019-10-16,950.92
2019-10-17,987.609
2019-10-18,955.754
2019-10-19,899.962
2019-10-20,998.155
2019-10-21,936.076
2019-10-22,959.608
2019-10-23,959.351
2019-10-24,1062.742
2019-10-25,1057.815
2019-10-26,994.7
2019-10-27,955.769
2019-10-28,1054.484
2019-10-29,1150.612
2019-10-30,1257.481
2019-10-31,1330.164
2019-11-01,1256.615
2019-11-02,1121.076
2019-11-03,1109.174
2019-11-04,1018.272
2019-11-05,961.944
2019-11-06,986.988
2019-11-07,1175.367
2019-11-08,1176.71
2019-11-09,1093.74
2019-11-10,995.353
2019-11-11,1445.476
2019-11-12,1457.737
2019-11-13,1415.507
2019-11-14,1276.567
2019-11-15,1294.817
2019-11-16,1180.306
2019-11-17,1091.319
2019-11-18,1158.75
2019-11-19,1057.579
2019-11-20,956.96
2019-11-21,1078.826
2019-11-22,1178.943
2019-11-23,1128.459
2019-11-24,1182.73
2019-11-25,1114.812
2019-11-26,1082.589
2019-11-27,1222.388
2019-11-28,1248.682
2019-11-29,1122.442
2019-11-30,1057.655
2019-12-01,1195.463
2019-12-02,1257.663
2019-12-03,1236.413
2019-12-04,1236.229
2019-12-05,1084.239
2019-12-06,1104.937
2019-12-07,1230.798
2019-12-08,1071.111
2019-12-09,1258.979
2019-12-10,1294.649
2019-12-11,1400.384
2019-12-12,1285.848
2019-12-13,1199.606
2019-12-14,1157.188
2019-12-15,1306.431
2019-12-16,1404.349
2019-12-17,1419.822
2019-12-18,1419.392
2019-12-19,1375.007
2019-12-20,1243.399
2019-12-21,1170.83
2019-12-22,1228.544
2019-12-23,1308.907
2019-12-24,1196.959
2019-12-25,1074.368
2019-12-26,1051.954
2019-12-27,1125.068
2019-12-28,1044.438
2019-12-29,1236.402
2019-12-30,1312.344
2019-12-31,1362.032
2020-01-01,1222.185
2020-01-02,1103.313
2020-01-03,1111.828
2020-01-04,1181.86
2020-01-05,1154.012
2020-01-06,1219.47
2020-01-07,1280.67
2020-01-08,1247.598
2020-01-09,1007.706
2020-01-10,1127.607
2020-01-11,1383.388
2020-01-12,1333.331
2020-01-13,1241.782
2020-01-14,1057.536
2020-01-15,1099.742
2020-01-16,1307.752
2020-01-17,1244.336
2020-01-18,1179.271
2020-01-19,1320.658
2020-01-20,1359.191
2020-01-21,1389.767
2020-01-22,1354.692
2020-01-23,1239.757
2020-01-24,1310.502
2020-01-25,1289.365
2020-01-26,1108.985
2020-01-27,1218.749
2020-01-28,1280.553
2020-01-29,1295.617
2020-01-30,1283.173
2020-01-31,1301.571
2020-02-01,1287.104
2020-02-02,1123.636
2020-02-03,1112.218
2020-02-04,1358.037
2020-02-05,1410.985
2020-02-06,1479.831
2020-02-07,1391.466
2020-02-08,1252.087
2020-02-09,1101.718
2020-02-10,1333.007
2020-02-11,1261.33
2020-02-12,1263.504
2020-02-13,1424.714
2020-02-14,1473.18
2020-02-15,1284.168
2020-02-16,1144.665
2020-02-17,1048.112
2020-02-18,1173.036
2020-02-19,1261.187
2020-02-20,1323.265
2020-02-21,1512.827
2020-02-22,1289.465
2020-02-23,1135.456
2020-02-24,1145.216
2020-02-25,1271.878
2020-02-26,1378.299
2020-02-27,1468.019
2020-02-28,1287.193
2020-02-29,1213.99
2020-03-01,1008.784
2020-03-02,1022.494
2020-03-03,1076.723
2020-03-04,1100.917
2020-03-05,1219.852
2020-03-06,1182.338
2020-03-07,1151.162
2020-03-08,1110.02
2020-03-09,1018.198
2020-03-10,1104.597
2020-03-11,995.237
2020-03-12,1018.526
2020-03-13,1088.722
2020-03-14,1085.778
2020-03-15,1080.223
2020-03-16,1044.641
2020-03-17,1033.515
2020-03-18,960.6
2020-03-19,1038.574
2020-03-20,1204.604
2020-03-21,1210.548
2020-03-22,1089.76
2020-03-23,1025.466
2020-03-24,1006.933
2020-03-25,1067.109
2020-03-26,1191.951
2020-03-27,1053.575
2020-03-28,997.927
2020-03-29,984.499
2020-03-30,1032.596
2020-03-31,937.272
2020-04-01,960.029
2020-04-02,945.899
2020-04-03,1166.664
2020-04-04,1145.269
2020-04-05,1034.041
2020-04-06,969.923
2020-04-07,1024.953
2020-04-08,1116.457
2020-04-09,926.846
2020-04-10,916.034
2020-04-11,926.7
2020-04-12,1006.3
2020-04-13,1136.449
2020-04-14,1107.891
2020-04-15,1158.412
2020-04-16,1026.512
2020-04-17,1049.046
2020-04-18,1061.048
2020-04-19,895.639
2020-04-20,924.359
2020-04-21,972.619
2020-04-22,887.28
2020-04-23,959.566
2020-04-24,939.994
2020-04-25,859.828
2020-04-26,942.149
2020-04-27,976.049
2020-04-28,1118.374
2020-04-29,908.06
2020-04-30,987.576
2020-05-01,1039.293
2020-05-02,1107.22
2020-05-03,1079.328
2020-05-04,1248.831
2020-05-05,939.648
2020-05-06,934.561
2020-05-07,941.113
2020-05-08,831.014
2020-05-09,859.747
2020-05-10,832.245
2020-05-11,885.998
2020-05-12,875.332
2020-05-13,941.628
2020-05-14,1091.067
2020-05-15,984.506
2020-05-16,861.118
2020-05-17,992.837
2020-05-18,1084.585
2020-05-19,1077.337
2020-05-20,1046.09
2020-05-21,1013.027
2020-05-22,1101.842
2020-05-23,1133.233
2020-05-24,1062.442
2020-05-25,839.422
2020-05-26,900.946
2020-05-27,978.535
2020-05-28,983.939
2020-05-29,1119.962
2020-05-30,1128.793
2020-05-31,1137.898
2020-06-01,1180.842
2020-06-02,1258.831
2020-06-03,1361.304
2020-06-04,1431.503
2020-06-05,1452.516
2020-06-06,1457.875
2020-06-07,1382.833
2020-06-08,1455.831
2020-06-09,1222.807
2020-06-10,1143.295
2020-06-11,1304.816
2020-06-12,1372.724
2020-06-13,1369.678
2020-06-14,1370.428
2020-06-15,1383.849
2020-06-16,1363.132
2020-06-17,1400.009
2020-06-18,1412.067
2020-06-19,1195.77
2020-06-20,1237.678
2020-06-21,1226.459
2020-06-22,1392.452
2020-06-23,1224.261
2020-06-24,1344.719
2020-06-25,1383.454
2020-06-26,1425.437
2020-06-27,1452.505
2020-06-28,1414.183
2020-06-29,1514.71
2020-06-30,1485.14
2020-07-01,1557.449
2020-07-02,1507.642
2020-07-03,1533.25
2020-07-04,1436.57
2020-07-05,1395.736
2020-07-06,1366.716
2020-07-07,1403.087
2020-07-08,1525.441
2020-07-09,1485.91
2020-07-10,1286.979
2020-07-11,1670.788
2020-07-12,1530.462
2020-07-13,1568.101
2020-07-14,1576.838
2020-07-15,1453.127
2020-07-16,1490.546
2020-07-17,1564.897
2020-07-18,1522.741
2020-07-19,1518.555
2020-07-20,1523.169
2020-07-21,1424.329
2020-07-22,1473.751
2020-07-23,1428.816
2020-07-24,1509.567
2020-07-25,1458.63
2020-07-26,1486.784
2020-07-27,1356.889
2020-07-28,1261.069
2020-07-29,1386.87
2020-07-30,1458.86
2020-07-31,1281.775
2020-08-01,1341.758
2020-08-02,1362.328
2020-08-03,1276.668
2020-08-04,1214.46
2020-08-05,1249.844
2020-08-06,1336.921
2020-08-07,1431.537
2020-08-08,1510.102
2020-08-09,1517.185
2020-08-10,1515.139
2020-08-11,1452.53
2020-08-12,1518.475
2020-08-13,1489.522
2020-08-14,1489.585
2020-08-15,1578.944
2020-08-16,1427.651
2020-08-17,1445.392
2020-08-18,1378.168
2020-08-19,1325.899
2020-08-20,1351.472
2020-08-21,1331.94
2020-08-22,1404.633
2020-08-23,1482.226
2020-08-24,1478.927
2020-08-25,1485.863
2020-08-26,1358.686
2020-08-27,1355.84
2020-08-28,1577.162
2020-08-29,1499.472
2020-08-30,1438.749
2020-08-31,1351.375
2020-09-01,1054.572
2020-09-02,1207.804
2020-09-03,1375.481
2020-09-04,1388.938
2020-09-05,1376.074
2020-09-06,1390.123
2020-09-07,1406.535
2020-09-08,1289.564
2020-09-09,973.696
2020-09-10,883.2
2020-09-11,897.481
2020-09-12,1060.607
2020-09-13,1107.024
2020-09-14,1052.519
2020-09-15,1124.23
2020-09-16,1192.701
2020-09-17,1152.476
2020-09-18,1048.107
2020-09-19,1033.262
2020-09-20,1053.162
2020-09-21,1010.63
2020-09-22,936.035
2020-09-23,945.668
2020-09-24,1128.837
2020-09-25,1152.314
2020-09-26,1229.495
2020-09-27,1127.556
2020-09-28,931.74
2020-09-29,954.455
2020-09-30,1123.393
2020-10-01,913.65
2020-10-02,888.651
2020-10-03,888.724
2020-10-04,939.276
2020-10-05,977.568
2020-10-06,1043.496
2020-10-07,1151.296
2020-10-08,1125.305
2020-10-09,1102.687
2020-10-10,1143.253
2020-10-11,1259.508
2020-10-12,1023.158
2020-10-13,993.426
2020-10-14,1150.021
2020-10-15,916.95
2020-10-16,873.39
2020-10-17,884.37
2020-10-18,935.743
2020-10-19,910.709
2020-10-20,947.817
2020-10-21,1070.311
2020-10-22,1108.996
2020-10-23,976.435
2020-10-24,973.73
2020-10-25,1044.093
2020-10-26,1196.425
2020-10-27,1095.145
2020-10-28,997.083
2020-10-29,966.077
2020-10-30,1070.871
2020-10-31,975.999
2020-11-01,906.738
2020-11-02,1042.799
2020-11-03,974.605
2020-11-04,921.244
2020-11-05,901.815
2020-11-06,927.582
2020-11-07,928.205
2020-11-08,968.048
2020-11-09,977.692
2020-11-10,938.387
2020-11-11,1052.227
2020-11-12,997.901
2020-11-13,1034.895
2020-11-14,955.435
2020-11-15,988.983
2020-11-16,1111.016
2020-11-17,1066.121
2020-11-18,1018.34
2020-11-19,982.024
2020-11-20,944.548
2020-11-21,941.992
2020-11-22,1040.298
2020-11-23,1100.766
2020-11-24,1018.9
2020-11-25,1085.31
2020-11-26,1118.852
2020-11-27,1050.5
2020-11-28,1108.963
2020-11-29,1207.587
2020-11-30,1332.511
2020-12-01,1344.847
2020-12-02,1255.546
2020-12-03,1253.631
2020-12-04,1304.579
2020-12-05,1238.191
2020-12-06,1150.376
2020-12-07,1231.656
2020-12-08,1208.188
2020-12-09,1185.878
2020-12-10,1153.1
2020-12-11,1103.665
2020-12-12,1227.201
2020-12-13,1374.577
2020-12-14,1414.178
2020-12-15,1396.353
2020-12-16,1345.178
2020-12-17,1423.536
2020-12-18,1264.365
2020-12-19,1152.094
2020-12-20,1275.152
2020-12-21,1215.698
2020-12-22,1207.887
2020-12-23,1291.563
2020-12-24,1380.893
2020-12-25,1277.29
2020-12-26,1193.018
2020-12-27,1072.442
2020-12-28,1152.983
2020-12-29,1130.043
2020-12-30,1280.867
2020-12-31,1412.571
2021-01-01,1266.881
